# Blender 4.2.0
# www.blender.org
mtllib boss_battle_field.mtl
o boss_dark_sea_plane
v -55.000000 -55.000000 4.000000
v 55.000000 -55.000000 4.000000
v 55.000000 55.000000 4.000000
v -55.000000 55.000000 4.000000
vn -0.0000 -0.0000 1.0000
s 0
usemtl boss_dark_sea
f 1//1 2//1 3//1 4//1
o boss_energy_ring_0
v 0.000000 16.000000 0.710001
v 0.000000 16.000000 0.890001
v 1.046450 15.965743 0.710001
v 1.046450 15.965743 0.890001
v 2.088419 15.863118 0.710001
v 2.088419 15.863118 0.890001
v 3.121445 15.692564 0.710001
v 3.121445 15.692564 0.890001
v 4.141105 15.454813 0.710001
v 4.141105 15.454813 0.890001
v 5.143031 15.150882 0.710001
v 5.143031 15.150882 0.890001
v 6.122935 14.782072 0.710001
v 6.122935 14.782072 0.890001
v 7.076619 14.349964 0.710001
v 7.076619 14.349964 0.890001
v 8.000000 13.856406 0.710001
v 8.000000 13.856406 0.890001
v 8.889124 13.303514 0.710001
v 8.889124 13.303514 0.890001
v 9.740183 12.693653 0.710001
v 9.740183 12.693653 0.890001
v 10.549534 12.029436 0.710001
v 10.549534 12.029436 0.890001
v 11.313708 11.313708 0.710001
v 11.313708 11.313708 0.890001
v 12.029436 10.549534 0.710000
v 12.029436 10.549534 0.890000
v 12.693653 9.740183 0.710000
v 12.693653 9.740183 0.890000
v 13.303514 8.889124 0.710000
v 13.303514 8.889124 0.890000
v 13.856406 8.000000 0.710000
v 13.856406 8.000000 0.890000
v 14.349964 7.076619 0.710000
v 14.349964 7.076619 0.890000
v 14.782072 6.122935 0.710000
v 14.782072 6.122935 0.890000
v 15.150882 5.143031 0.710000
v 15.150882 5.143031 0.890000
v 15.454813 4.141105 0.710000
v 15.454813 4.141105 0.890000
v 15.692564 3.121445 0.710000
v 15.692564 3.121445 0.890000
v 15.863118 2.088419 0.710000
v 15.863118 2.088419 0.890000
v 15.965743 1.046450 0.710000
v 15.965743 1.046450 0.890000
v 16.000000 0.000000 0.710000
v 16.000000 -0.000000 0.890000
v 15.965743 -1.046450 0.710000
v 15.965743 -1.046450 0.890000
v 15.863118 -2.088419 0.710000
v 15.863118 -2.088419 0.890000
v 15.692564 -3.121445 0.710000
v 15.692564 -3.121445 0.890000
v 15.454813 -4.141105 0.710000
v 15.454813 -4.141105 0.890000
v 15.150882 -5.143031 0.710000
v 15.150882 -5.143031 0.890000
v 14.782072 -6.122935 0.710000
v 14.782072 -6.122935 0.890000
v 14.349964 -7.076619 0.710000
v 14.349964 -7.076619 0.890000
v 13.856406 -8.000000 0.710000
v 13.856406 -8.000000 0.890000
v 13.303514 -8.889124 0.710000
v 13.303514 -8.889124 0.890000
v 12.693653 -9.740183 0.710000
v 12.693653 -9.740183 0.890000
v 12.029436 -10.549534 0.710000
v 12.029436 -10.549534 0.890000
v 11.313708 -11.313708 0.710000
v 11.313708 -11.313708 0.890000
v 10.549534 -12.029436 0.710000
v 10.549534 -12.029436 0.890000
v 9.740183 -12.693653 0.709999
v 9.740183 -12.693653 0.889999
v 8.889124 -13.303514 0.709999
v 8.889124 -13.303514 0.889999
v 8.000000 -13.856406 0.709999
v 8.000000 -13.856406 0.889999
v 7.076619 -14.349964 0.709999
v 7.076619 -14.349964 0.889999
v 6.122935 -14.782072 0.709999
v 6.122935 -14.782072 0.889999
v 5.143031 -15.150882 0.709999
v 5.143031 -15.150882 0.889999
v 4.141105 -15.454813 0.709999
v 4.141105 -15.454813 0.889999
v 3.121445 -15.692564 0.709999
v 3.121445 -15.692564 0.889999
v 2.088419 -15.863118 0.709999
v 2.088419 -15.863118 0.889999
v 1.046450 -15.965743 0.709999
v 1.046450 -15.965743 0.889999
v 0.000000 -16.000000 0.709999
v 0.000000 -16.000000 0.889999
v -1.046450 -15.965743 0.709999
v -1.046450 -15.965743 0.889999
v -2.088419 -15.863118 0.709999
v -2.088419 -15.863118 0.889999
v -3.121445 -15.692564 0.709999
v -3.121445 -15.692564 0.889999
v -4.141105 -15.454813 0.709999
v -4.141105 -15.454813 0.889999
v -5.143031 -15.150882 0.709999
v -5.143031 -15.150882 0.889999
v -6.122935 -14.782072 0.709999
v -6.122935 -14.782072 0.889999
v -7.076619 -14.349964 0.709999
v -7.076619 -14.349964 0.889999
v -8.000000 -13.856406 0.709999
v -8.000000 -13.856406 0.889999
v -8.889124 -13.303514 0.709999
v -8.889124 -13.303514 0.889999
v -9.740183 -12.693653 0.709999
v -9.740183 -12.693653 0.889999
v -10.549534 -12.029436 0.710000
v -10.549534 -12.029436 0.890000
v -11.313708 -11.313708 0.710000
v -11.313708 -11.313708 0.890000
v -12.029436 -10.549534 0.710000
v -12.029436 -10.549534 0.890000
v -12.693653 -9.740183 0.710000
v -12.693653 -9.740183 0.890000
v -13.303514 -8.889124 0.710000
v -13.303514 -8.889124 0.890000
v -13.856406 -8.000000 0.710000
v -13.856406 -8.000000 0.890000
v -14.349964 -7.076619 0.710000
v -14.349964 -7.076619 0.890000
v -14.782072 -6.122935 0.710000
v -14.782072 -6.122935 0.890000
v -15.150882 -5.143031 0.710000
v -15.150882 -5.143031 0.890000
v -15.454813 -4.141105 0.710000
v -15.454813 -4.141105 0.890000
v -15.692564 -3.121445 0.710000
v -15.692564 -3.121445 0.890000
v -15.863118 -2.088419 0.710000
v -15.863118 -2.088419 0.890000
v -15.965743 -1.046450 0.710000
v -15.965743 -1.046450 0.890000
v -16.000000 0.000000 0.710000
v -16.000000 -0.000000 0.890000
v -15.965743 1.046450 0.710000
v -15.965743 1.046450 0.890000
v -15.863118 2.088419 0.710000
v -15.863118 2.088419 0.890000
v -15.692564 3.121445 0.710000
v -15.692564 3.121445 0.890000
v -15.454813 4.141105 0.710000
v -15.454813 4.141105 0.890000
v -15.150882 5.143031 0.710000
v -15.150882 5.143031 0.890000
v -14.782072 6.122935 0.710000
v -14.782072 6.122935 0.890000
v -14.349964 7.076619 0.710000
v -14.349964 7.076619 0.890000
v -13.856406 8.000000 0.710000
v -13.856406 8.000000 0.890000
v -13.303514 8.889124 0.710000
v -13.303514 8.889124 0.890000
v -12.693653 9.740183 0.710000
v -12.693653 9.740183 0.890000
v -12.029436 10.549534 0.710000
v -12.029436 10.549534 0.890000
v -11.313708 11.313708 0.710001
v -11.313708 11.313708 0.890001
v -10.549534 12.029436 0.710001
v -10.549534 12.029436 0.890001
v -9.740183 12.693653 0.710001
v -9.740183 12.693653 0.890001
v -8.889124 13.303514 0.710001
v -8.889124 13.303514 0.890001
v -8.000000 13.856406 0.710001
v -8.000000 13.856406 0.890001
v -7.076619 14.349964 0.710001
v -7.076619 14.349964 0.890001
v -6.122935 14.782072 0.710001
v -6.122935 14.782072 0.890001
v -5.143031 15.150882 0.710001
v -5.143031 15.150882 0.890001
v -4.141105 15.454813 0.710001
v -4.141105 15.454813 0.890001
v -3.121445 15.692564 0.710001
v -3.121445 15.692564 0.890001
v -2.088419 15.863118 0.710001
v -2.088419 15.863118 0.890001
v -1.046450 15.965743 0.710001
v -1.046450 15.965743 0.890001
vn 0.0327 0.9995 -0.0000
vn 0.0980 0.9952 -0.0000
vn 0.1629 0.9866 -0.0000
vn 0.2271 0.9739 -0.0000
vn 0.2903 0.9569 -0.0000
vn 0.3522 0.9359 -0.0000
vn 0.4127 0.9109 -0.0000
vn 0.4714 0.8819 -0.0000
vn 0.5281 0.8492 -0.0000
vn 0.5825 0.8128 -0.0000
vn 0.6344 0.7730 -0.0000
vn 0.6836 0.7299 -0.0000
vn 0.7299 0.6836 -0.0000
vn 0.7730 0.6344 -0.0000
vn 0.8128 0.5825 -0.0000
vn 0.8492 0.5281 -0.0000
vn 0.8819 0.4714 -0.0000
vn 0.9109 0.4127 -0.0000
vn 0.9359 0.3522 -0.0000
vn 0.9569 0.2903 -0.0000
vn 0.9739 0.2271 -0.0000
vn 0.9866 0.1629 -0.0000
vn 0.9952 0.0980 -0.0000
vn 0.9995 0.0327 -0.0000
vn 0.9995 -0.0327 -0.0000
vn 0.9952 -0.0980 -0.0000
vn 0.9866 -0.1629 -0.0000
vn 0.9739 -0.2271 -0.0000
vn 0.9569 -0.2903 -0.0000
vn 0.9359 -0.3522 -0.0000
vn 0.9109 -0.4127 -0.0000
vn 0.8819 -0.4714 -0.0000
vn 0.8492 -0.5281 -0.0000
vn 0.8128 -0.5825 -0.0000
vn 0.7730 -0.6344 -0.0000
vn 0.7299 -0.6836 -0.0000
vn 0.6836 -0.7299 -0.0000
vn 0.6344 -0.7730 -0.0000
vn 0.5825 -0.8128 -0.0000
vn 0.5281 -0.8492 -0.0000
vn 0.4714 -0.8819 -0.0000
vn 0.4127 -0.9109 -0.0000
vn 0.3522 -0.9359 -0.0000
vn 0.2903 -0.9569 -0.0000
vn 0.2271 -0.9739 -0.0000
vn 0.1629 -0.9866 -0.0000
vn 0.0980 -0.9952 -0.0000
vn 0.0327 -0.9995 -0.0000
vn -0.0327 -0.9995 -0.0000
vn -0.0980 -0.9952 -0.0000
vn -0.1629 -0.9866 -0.0000
vn -0.2271 -0.9739 -0.0000
vn -0.2903 -0.9569 -0.0000
vn -0.3523 -0.9359 -0.0000
vn -0.4127 -0.9109 -0.0000
vn -0.4714 -0.8819 -0.0000
vn -0.5281 -0.8492 -0.0000
vn -0.5825 -0.8128 -0.0000
vn -0.6344 -0.7730 -0.0000
vn -0.6836 -0.7299 -0.0000
vn -0.7299 -0.6836 -0.0000
vn -0.7730 -0.6344 -0.0000
vn -0.8128 -0.5825 -0.0000
vn -0.8492 -0.5281 -0.0000
vn -0.8819 -0.4714 -0.0000
vn -0.9109 -0.4127 -0.0000
vn -0.9359 -0.3522 -0.0000
vn -0.9569 -0.2903 -0.0000
vn -0.9739 -0.2271 -0.0000
vn -0.9866 -0.1629 -0.0000
vn -0.9952 -0.0980 -0.0000
vn -0.9995 -0.0327 -0.0000
vn -0.9995 0.0327 -0.0000
vn -0.9952 0.0980 -0.0000
vn -0.9866 0.1629 -0.0000
vn -0.9739 0.2271 -0.0000
vn -0.9569 0.2903 -0.0000
vn -0.9359 0.3522 -0.0000
vn -0.9109 0.4127 -0.0000
vn -0.8819 0.4714 -0.0000
vn -0.8492 0.5281 -0.0000
vn -0.8128 0.5825 -0.0000
vn -0.7730 0.6344 -0.0000
vn -0.7299 0.6836 -0.0000
vn -0.6836 0.7299 -0.0000
vn -0.6344 0.7730 -0.0000
vn -0.5825 0.8128 -0.0000
vn -0.5281 0.8492 -0.0000
vn -0.4714 0.8819 -0.0000
vn -0.4127 0.9109 -0.0000
vn -0.3523 0.9359 -0.0000
vn -0.2903 0.9569 -0.0000
vn -0.2271 0.9739 -0.0000
vn -0.1629 0.9866 -0.0000
vn -0.0000 -0.0000 1.0000
vn -0.0980 0.9952 -0.0000
vn -0.0327 0.9995 -0.0000
vn -0.0000 -0.0000 -1.0000
vt 1.000000 0.500000
vt 1.000000 1.000000
vt 0.989583 1.000000
vt 0.989583 0.500000
vt 0.979167 1.000000
vt 0.979167 0.500000
vt 0.968750 1.000000
vt 0.968750 0.500000
vt 0.958333 1.000000
vt 0.958333 0.500000
vt 0.947917 1.000000
vt 0.947917 0.500000
vt 0.937500 1.000000
vt 0.937500 0.500000
vt 0.927083 1.000000
vt 0.927083 0.500000
vt 0.916667 1.000000
vt 0.916667 0.500000
vt 0.906250 1.000000
vt 0.906250 0.500000
vt 0.895833 1.000000
vt 0.895833 0.500000
vt 0.885416 1.000000
vt 0.885416 0.500000
vt 0.875000 1.000000
vt 0.875000 0.500000
vt 0.864583 1.000000
vt 0.864583 0.500000
vt 0.854166 1.000000
vt 0.854166 0.500000
vt 0.843750 1.000000
vt 0.843750 0.500000
vt 0.833333 1.000000
vt 0.833333 0.500000
vt 0.822916 1.000000
vt 0.822916 0.500000
vt 0.812500 1.000000
vt 0.812500 0.500000
vt 0.802083 1.000000
vt 0.802083 0.500000
vt 0.791666 1.000000
vt 0.791666 0.500000
vt 0.781250 1.000000
vt 0.781250 0.500000
vt 0.770833 1.000000
vt 0.770833 0.500000
vt 0.760416 1.000000
vt 0.760416 0.500000
vt 0.750000 1.000000
vt 0.750000 0.500000
vt 0.739583 1.000000
vt 0.739583 0.500000
vt 0.729166 1.000000
vt 0.729166 0.500000
vt 0.718749 1.000000
vt 0.718749 0.500000
vt 0.708333 1.000000
vt 0.708333 0.500000
vt 0.697916 1.000000
vt 0.697916 0.500000
vt 0.687499 1.000000
vt 0.687499 0.500000
vt 0.677083 1.000000
vt 0.677083 0.500000
vt 0.666666 1.000000
vt 0.666666 0.500000
vt 0.656249 1.000000
vt 0.656249 0.500000
vt 0.645833 1.000000
vt 0.645833 0.500000
vt 0.635416 1.000000
vt 0.635416 0.500000
vt 0.624999 1.000000
vt 0.624999 0.500000
vt 0.614583 1.000000
vt 0.614583 0.500000
vt 0.604166 1.000000
vt 0.604166 0.500000
vt 0.593749 1.000000
vt 0.593749 0.500000
vt 0.583333 1.000000
vt 0.583333 0.500000
vt 0.572916 1.000000
vt 0.572916 0.500000
vt 0.562499 1.000000
vt 0.562499 0.500000
vt 0.552082 1.000000
vt 0.552082 0.500000
vt 0.541666 1.000000
vt 0.541666 0.500000
vt 0.531249 1.000000
vt 0.531249 0.500000
vt 0.520832 1.000000
vt 0.520832 0.500000
vt 0.510416 1.000000
vt 0.510416 0.500000
vt 0.499999 1.000000
vt 0.499999 0.500000
vt 0.489582 1.000000
vt 0.489582 0.500000
vt 0.479166 1.000000
vt 0.479166 0.500000
vt 0.468749 1.000000
vt 0.468749 0.500000
vt 0.458332 1.000000
vt 0.458332 0.500000
vt 0.447916 1.000000
vt 0.447916 0.500000
vt 0.437499 1.000000
vt 0.437499 0.500000
vt 0.427082 1.000000
vt 0.427082 0.500000
vt 0.416666 1.000000
vt 0.416666 0.500000
vt 0.406249 1.000000
vt 0.406249 0.500000
vt 0.395833 1.000000
vt 0.395833 0.500000
vt 0.385416 1.000000
vt 0.385416 0.500000
vt 0.374999 1.000000
vt 0.374999 0.500000
vt 0.364583 1.000000
vt 0.364583 0.500000
vt 0.354166 1.000000
vt 0.354166 0.500000
vt 0.343749 1.000000
vt 0.343749 0.500000
vt 0.333333 1.000000
vt 0.333333 0.500000
vt 0.322916 1.000000
vt 0.322916 0.500000
vt 0.312499 1.000000
vt 0.312499 0.500000
vt 0.302083 1.000000
vt 0.302083 0.500000
vt 0.291666 1.000000
vt 0.291666 0.500000
vt 0.281249 1.000000
vt 0.281249 0.500000
vt 0.270833 1.000000
vt 0.270833 0.500000
vt 0.260416 1.000000
vt 0.260416 0.500000
vt 0.249999 1.000000
vt 0.249999 0.500000
vt 0.239583 1.000000
vt 0.239583 0.500000
vt 0.229166 1.000000
vt 0.229166 0.500000
vt 0.218749 1.000000
vt 0.218749 0.500000
vt 0.208333 1.000000
vt 0.208333 0.500000
vt 0.197916 1.000000
vt 0.197916 0.500000
vt 0.187499 1.000000
vt 0.187499 0.500000
vt 0.177083 1.000000
vt 0.177083 0.500000
vt 0.166666 1.000000
vt 0.166666 0.500000
vt 0.156249 1.000000
vt 0.156249 0.500000
vt 0.145833 1.000000
vt 0.145833 0.500000
vt 0.135416 1.000000
vt 0.135416 0.500000
vt 0.124999 1.000000
vt 0.124999 0.500000
vt 0.114583 1.000000
vt 0.114583 0.500000
vt 0.104166 1.000000
vt 0.104166 0.500000
vt 0.093749 1.000000
vt 0.093749 0.500000
vt 0.083333 1.000000
vt 0.083333 0.500000
vt 0.072916 1.000000
vt 0.072916 0.500000
vt 0.062499 1.000000
vt 0.062499 0.500000
vt 0.052083 1.000000
vt 0.052083 0.500000
vt 0.041666 1.000000
vt 0.041666 0.500000
vt 0.031249 1.000000
vt 0.031249 0.500000
vt 0.020833 1.000000
vt 0.020833 0.500000
vt 0.265697 0.489486
vt 0.250000 0.490000
vt 0.234303 0.489486
vt 0.218674 0.487947
vt 0.203178 0.485388
vt 0.187883 0.481822
vt 0.172855 0.477263
vt 0.158156 0.471731
vt 0.143851 0.465249
vt 0.130000 0.457846
vt 0.116663 0.449553
vt 0.103897 0.440405
vt 0.091757 0.430442
vt 0.080294 0.419706
vt 0.069558 0.408243
vt 0.059595 0.396103
vt 0.050447 0.383337
vt 0.042154 0.370000
vt 0.034751 0.356149
vt 0.028269 0.341844
vt 0.022737 0.327145
vt 0.018178 0.312117
vt 0.014612 0.296822
vt 0.012053 0.281326
vt 0.010514 0.265697
vt 0.010000 0.250000
vt 0.010514 0.234303
vt 0.012053 0.218674
vt 0.014612 0.203178
vt 0.018178 0.187883
vt 0.022737 0.172855
vt 0.028269 0.158156
vt 0.034751 0.143851
vt 0.042154 0.130000
vt 0.050447 0.116663
vt 0.059595 0.103897
vt 0.069558 0.091757
vt 0.080294 0.080294
vt 0.091757 0.069558
vt 0.103897 0.059595
vt 0.116663 0.050447
vt 0.130000 0.042154
vt 0.143851 0.034751
vt 0.158156 0.028269
vt 0.172855 0.022737
vt 0.187883 0.018178
vt 0.203178 0.014612
vt 0.218674 0.012053
vt 0.234303 0.010514
vt 0.250000 0.010000
vt 0.265697 0.010514
vt 0.281326 0.012053
vt 0.296822 0.014612
vt 0.312117 0.018178
vt 0.327145 0.022737
vt 0.341844 0.028269
vt 0.356149 0.034751
vt 0.370000 0.042154
vt 0.383337 0.050447
vt 0.396103 0.059595
vt 0.408243 0.069558
vt 0.419706 0.080294
vt 0.430442 0.091757
vt 0.440405 0.103897
vt 0.449553 0.116663
vt 0.457846 0.130000
vt 0.465249 0.143851
vt 0.471731 0.158156
vt 0.477263 0.172855
vt 0.481822 0.187883
vt 0.485388 0.203178
vt 0.487947 0.218674
vt 0.489486 0.234303
vt 0.490000 0.250000
vt 0.489486 0.265697
vt 0.487947 0.281326
vt 0.485388 0.296822
vt 0.481822 0.312117
vt 0.477263 0.327145
vt 0.471731 0.341844
vt 0.465249 0.356149
vt 0.457846 0.370000
vt 0.449553 0.383337
vt 0.440405 0.396103
vt 0.430442 0.408243
vt 0.419706 0.419706
vt 0.408243 0.430442
vt 0.396103 0.440405
vt 0.383337 0.449553
vt 0.370000 0.457846
vt 0.356149 0.465249
vt 0.341844 0.471731
vt 0.327145 0.477263
vt 0.312117 0.481822
vt 0.296822 0.485388
vt 0.281326 0.487947
vt 0.010416 1.000000
vt 0.010416 0.500000
vt -0.000001 1.000000
vt -0.000001 0.500000
vt 0.750000 0.490000
vt 0.765697 0.489486
vt 0.781326 0.487947
vt 0.796822 0.485388
vt 0.812117 0.481822
vt 0.827145 0.477263
vt 0.841844 0.471731
vt 0.856149 0.465249
vt 0.870000 0.457846
vt 0.883337 0.449553
vt 0.896103 0.440405
vt 0.908243 0.430442
vt 0.919706 0.419706
vt 0.930442 0.408243
vt 0.940405 0.396103
vt 0.949553 0.383337
vt 0.957846 0.370000
vt 0.965249 0.356149
vt 0.971731 0.341844
vt 0.977263 0.327145
vt 0.981822 0.312117
vt 0.985388 0.296822
vt 0.987947 0.281326
vt 0.989486 0.265697
vt 0.990000 0.250000
vt 0.989486 0.234303
vt 0.987947 0.218674
vt 0.985388 0.203178
vt 0.981822 0.187883
vt 0.977263 0.172855
vt 0.971731 0.158156
vt 0.965249 0.143851
vt 0.957846 0.130000
vt 0.949553 0.116663
vt 0.940405 0.103897
vt 0.930442 0.091757
vt 0.919706 0.080294
vt 0.908243 0.069558
vt 0.896103 0.059595
vt 0.883337 0.050447
vt 0.870000 0.042154
vt 0.856149 0.034751
vt 0.841844 0.028269
vt 0.827145 0.022737
vt 0.812117 0.018178
vt 0.796822 0.014612
vt 0.781326 0.012053
vt 0.765697 0.010514
vt 0.750000 0.010000
vt 0.734303 0.010514
vt 0.718674 0.012053
vt 0.703178 0.014612
vt 0.687883 0.018178
vt 0.672855 0.022737
vt 0.658156 0.028269
vt 0.643851 0.034751
vt 0.630000 0.042154
vt 0.616663 0.050447
vt 0.603897 0.059595
vt 0.591757 0.069558
vt 0.580294 0.080294
vt 0.569558 0.091757
vt 0.559595 0.103897
vt 0.550447 0.116663
vt 0.542154 0.130000
vt 0.534751 0.143851
vt 0.528269 0.158156
vt 0.522737 0.172855
vt 0.518178 0.187883
vt 0.514612 0.203178
vt 0.512053 0.218674
vt 0.510514 0.234303
vt 0.510000 0.250000
vt 0.510514 0.265697
vt 0.512053 0.281326
vt 0.514612 0.296822
vt 0.518178 0.312117
vt 0.522737 0.327145
vt 0.528269 0.341844
vt 0.534751 0.356149
vt 0.542154 0.370000
vt 0.550447 0.383337
vt 0.559595 0.396103
vt 0.569558 0.408243
vt 0.580294 0.419706
vt 0.591757 0.430442
vt 0.603897 0.440405
vt 0.616663 0.449553
vt 0.630000 0.457846
vt 0.643851 0.465249
vt 0.658156 0.471731
vt 0.672855 0.477263
vt 0.687883 0.481822
vt 0.703178 0.485388
vt 0.718674 0.487947
vt 0.734303 0.489486
s 0
usemtl boss_energy_grid
f 5/1/2 6/2/2 8/3/2 7/4/2
f 7/4/3 8/3/3 10/5/3 9/6/3
f 9/6/4 10/5/4 12/7/4 11/8/4
f 11/8/5 12/7/5 14/9/5 13/10/5
f 13/10/6 14/9/6 16/11/6 15/12/6
f 15/12/7 16/11/7 18/13/7 17/14/7
f 17/14/8 18/13/8 20/15/8 19/16/8
f 19/16/9 20/15/9 22/17/9 21/18/9
f 21/18/10 22/17/10 24/19/10 23/20/10
f 23/20/11 24/19/11 26/21/11 25/22/11
f 25/22/12 26/21/12 28/23/12 27/24/12
f 27/24/13 28/23/13 30/25/13 29/26/13
f 29/26/14 30/25/14 32/27/14 31/28/14
f 31/28/15 32/27/15 34/29/15 33/30/15
f 33/30/16 34/29/16 36/31/16 35/32/16
f 35/32/17 36/31/17 38/33/17 37/34/17
f 37/34/18 38/33/18 40/35/18 39/36/18
f 39/36/19 40/35/19 42/37/19 41/38/19
f 41/38/20 42/37/20 44/39/20 43/40/20
f 43/40/21 44/39/21 46/41/21 45/42/21
f 45/42/22 46/41/22 48/43/22 47/44/22
f 47/44/23 48/43/23 50/45/23 49/46/23
f 49/46/24 50/45/24 52/47/24 51/48/24
f 51/48/25 52/47/25 54/49/25 53/50/25
f 53/50/26 54/49/26 56/51/26 55/52/26
f 55/52/27 56/51/27 58/53/27 57/54/27
f 57/54/28 58/53/28 60/55/28 59/56/28
f 59/56/29 60/55/29 62/57/29 61/58/29
f 61/58/30 62/57/30 64/59/30 63/60/30
f 63/60/31 64/59/31 66/61/31 65/62/31
f 65/62/32 66/61/32 68/63/32 67/64/32
f 67/64/33 68/63/33 70/65/33 69/66/33
f 69/66/34 70/65/34 72/67/34 71/68/34
f 71/68/35 72/67/35 74/69/35 73/70/35
f 73/70/36 74/69/36 76/71/36 75/72/36
f 75/72/37 76/71/37 78/73/37 77/74/37
f 77/74/38 78/73/38 80/75/38 79/76/38
f 79/76/39 80/75/39 82/77/39 81/78/39
f 81/78/40 82/77/40 84/79/40 83/80/40
f 83/80/41 84/79/41 86/81/41 85/82/41
f 85/82/42 86/81/42 88/83/42 87/84/42
f 87/84/43 88/83/43 90/85/43 89/86/43
f 89/86/44 90/85/44 92/87/44 91/88/44
f 91/88/45 92/87/45 94/89/45 93/90/45
f 93/90/46 94/89/46 96/91/46 95/92/46
f 95/92/47 96/91/47 98/93/47 97/94/47
f 97/94/48 98/93/48 100/95/48 99/96/48
f 99/96/49 100/95/49 102/97/49 101/98/49
f 101/98/50 102/97/50 104/99/50 103/100/50
f 103/100/51 104/99/51 106/101/51 105/102/51
f 105/102/52 106/101/52 108/103/52 107/104/52
f 107/104/53 108/103/53 110/105/53 109/106/53
f 109/106/54 110/105/54 112/107/54 111/108/54
f 111/108/55 112/107/55 114/109/55 113/110/55
f 113/110/56 114/109/56 116/111/56 115/112/56
f 115/112/57 116/111/57 118/113/57 117/114/57
f 117/114/58 118/113/58 120/115/58 119/116/58
f 119/116/59 120/115/59 122/117/59 121/118/59
f 121/118/60 122/117/60 124/119/60 123/120/60
f 123/120/61 124/119/61 126/121/61 125/122/61
f 125/122/62 126/121/62 128/123/62 127/124/62
f 127/124/63 128/123/63 130/125/63 129/126/63
f 129/126/64 130/125/64 132/127/64 131/128/64
f 131/128/65 132/127/65 134/129/65 133/130/65
f 133/130/66 134/129/66 136/131/66 135/132/66
f 135/132/67 136/131/67 138/133/67 137/134/67
f 137/134/68 138/133/68 140/135/68 139/136/68
f 139/136/69 140/135/69 142/137/69 141/138/69
f 141/138/70 142/137/70 144/139/70 143/140/70
f 143/140/71 144/139/71 146/141/71 145/142/71
f 145/142/72 146/141/72 148/143/72 147/144/72
f 147/144/73 148/143/73 150/145/73 149/146/73
f 149/146/74 150/145/74 152/147/74 151/148/74
f 151/148/75 152/147/75 154/149/75 153/150/75
f 153/150/76 154/149/76 156/151/76 155/152/76
f 155/152/77 156/151/77 158/153/77 157/154/77
f 157/154/78 158/153/78 160/155/78 159/156/78
f 159/156/79 160/155/79 162/157/79 161/158/79
f 161/158/80 162/157/80 164/159/80 163/160/80
f 163/160/81 164/159/81 166/161/81 165/162/81
f 165/162/82 166/161/82 168/163/82 167/164/82
f 167/164/83 168/163/83 170/165/83 169/166/83
f 169/166/84 170/165/84 172/167/84 171/168/84
f 171/168/85 172/167/85 174/169/85 173/170/85
f 173/170/86 174/169/86 176/171/86 175/172/86
f 175/172/87 176/171/87 178/173/87 177/174/87
f 177/174/88 178/173/88 180/175/88 179/176/88
f 179/176/89 180/175/89 182/177/89 181/178/89
f 181/178/90 182/177/90 184/179/90 183/180/90
f 183/180/91 184/179/91 186/181/91 185/182/91
f 185/182/92 186/181/92 188/183/92 187/184/92
f 187/184/93 188/183/93 190/185/93 189/186/93
f 189/186/94 190/185/94 192/187/94 191/188/94
f 191/188/95 192/187/95 194/189/95 193/190/95
f 8/191/96 6/192/96 196/193/96 194/194/96 192/195/96 190/196/96 188/197/96 186/198/96 184/199/96 182/200/96 180/201/96 178/202/96 176/203/96 174/204/96 172/205/96 170/206/96 168/207/96 166/208/96 164/209/96 162/210/96 160/211/96 158/212/96 156/213/96 154/214/96 152/215/96 150/216/96 148/217/96 146/218/96 144/219/96 142/220/96 140/221/96 138/222/96 136/223/96 134/224/96 132/225/96 130/226/96 128/227/96 126/228/96 124/229/96 122/230/96 120/231/96 118/232/96 116/233/96 114/234/96 112/235/96 110/236/96 108/237/96 106/238/96 104/239/96 102/240/96 100/241/96 98/242/96 96/243/96 94/244/96 92/245/96 90/246/96 88/247/96 86/248/96 84/249/96 82/250/96 80/251/96 78/252/96 76/253/96 74/254/96 72/255/96 70/256/96 68/257/96 66/258/96 64/259/96 62/260/96 60/261/96 58/262/96 56/263/96 54/264/96 52/265/96 50/266/96 48/267/96 46/268/96 44/269/96 42/270/96 40/271/96 38/272/96 36/273/96 34/274/96 32/275/96 30/276/96 28/277/96 26/278/96 24/279/96 22/280/96 20/281/96 18/282/96 16/283/96 14/284/96 12/285/96 10/286/96
f 193/190/97 194/189/97 196/287/97 195/288/97
f 195/288/98 196/287/98 6/289/98 5/290/98
f 5/291/99 7/292/99 9/293/99 11/294/99 13/295/99 15/296/99 17/297/99 19/298/99 21/299/99 23/300/99 25/301/99 27/302/99 29/303/99 31/304/99 33/305/99 35/306/99 37/307/99 39/308/99 41/309/99 43/310/99 45/311/99 47/312/99 49/313/99 51/314/99 53/315/99 55/316/99 57/317/99 59/318/99 61/319/99 63/320/99 65/321/99 67/322/99 69/323/99 71/324/99 73/325/99 75/326/99 77/327/99 79/328/99 81/329/99 83/330/99 85/331/99 87/332/99 89/333/99 91/334/99 93/335/99 95/336/99 97/337/99 99/338/99 101/339/99 103/340/99 105/341/99 107/342/99 109/343/99 111/344/99 113/345/99 115/346/99 117/347/99 119/348/99 121/349/99 123/350/99 125/351/99 127/352/99 129/353/99 131/354/99 133/355/99 135/356/99 137/357/99 139/358/99 141/359/99 143/360/99 145/361/99 147/362/99 149/363/99 151/364/99 153/365/99 155/366/99 157/367/99 159/368/99 161/369/99 163/370/99 165/371/99 167/372/99 169/373/99 171/374/99 173/375/99 175/376/99 177/377/99 179/378/99 181/379/99 183/380/99 185/381/99 187/382/99 189/383/99 191/384/99 193/385/99 195/386/99
o boss_energy_ring_1
v 0.000000 24.000000 0.680001
v 0.000000 24.000000 0.860001
v 1.569675 23.948614 0.680001
v 1.569675 23.948614 0.860001
v 3.132629 23.794678 0.680001
v 3.132629 23.794678 0.860001
v 4.682168 23.538845 0.680001
v 4.682168 23.538845 0.860001
v 6.211657 23.182220 0.680001
v 6.211657 23.182220 0.860001
v 7.714547 22.726322 0.680001
v 7.714547 22.726322 0.860001
v 9.184402 22.173107 0.680001
v 9.184402 22.173107 0.860001
v 10.614929 21.524946 0.680001
v 10.614929 21.524946 0.860001
v 12.000000 20.784609 0.680001
v 12.000000 20.784609 0.860001
v 13.333686 19.955271 0.680001
v 13.333686 19.955271 0.860001
v 14.610274 19.040480 0.680001
v 14.610274 19.040480 0.860001
v 15.824301 18.044155 0.680001
v 15.824301 18.044155 0.860001
v 16.970562 16.970562 0.680001
v 16.970562 16.970562 0.860001
v 18.044155 15.824301 0.680001
v 18.044155 15.824301 0.860001
v 19.040480 14.610274 0.680001
v 19.040480 14.610274 0.860001
v 19.955271 13.333686 0.680001
v 19.955271 13.333686 0.860001
v 20.784609 12.000000 0.680000
v 20.784609 12.000000 0.860000
v 21.524946 10.614929 0.680000
v 21.524946 10.614929 0.860000
v 22.173107 9.184402 0.680000
v 22.173107 9.184402 0.860000
v 22.726322 7.714547 0.680000
v 22.726322 7.714547 0.860000
v 23.182220 6.211657 0.680000
v 23.182220 6.211657 0.860000
v 23.538845 4.682168 0.680000
v 23.538845 4.682168 0.860000
v 23.794678 3.132629 0.680000
v 23.794678 3.132629 0.860000
v 23.948614 1.569675 0.680000
v 23.948614 1.569675 0.860000
v 24.000000 0.000000 0.680000
v 24.000000 -0.000000 0.860000
v 23.948614 -1.569675 0.680000
v 23.948614 -1.569675 0.860000
v 23.794678 -3.132629 0.680000
v 23.794678 -3.132629 0.860000
v 23.538845 -4.682168 0.680000
v 23.538845 -4.682168 0.860000
v 23.182220 -6.211657 0.680000
v 23.182220 -6.211657 0.860000
v 22.726322 -7.714547 0.680000
v 22.726322 -7.714547 0.860000
v 22.173107 -9.184402 0.680000
v 22.173107 -9.184402 0.860000
v 21.524946 -10.614929 0.680000
v 21.524946 -10.614929 0.860000
v 20.784609 -12.000000 0.679999
v 20.784609 -12.000000 0.859999
v 19.955271 -13.333686 0.679999
v 19.955271 -13.333686 0.859999
v 19.040480 -14.610274 0.679999
v 19.040480 -14.610274 0.859999
v 18.044155 -15.824301 0.679999
v 18.044155 -15.824301 0.859999
v 16.970562 -16.970562 0.679999
v 16.970562 -16.970562 0.859999
v 15.824301 -18.044155 0.679999
v 15.824301 -18.044155 0.859999
v 14.610274 -19.040480 0.679999
v 14.610274 -19.040480 0.859999
v 13.333686 -19.955271 0.679999
v 13.333686 -19.955271 0.859999
v 12.000000 -20.784609 0.679999
v 12.000000 -20.784609 0.859999
v 10.614929 -21.524946 0.679999
v 10.614929 -21.524946 0.859999
v 9.184402 -22.173107 0.679999
v 9.184402 -22.173107 0.859999
v 7.714547 -22.726322 0.679999
v 7.714547 -22.726322 0.859999
v 6.211657 -23.182220 0.679999
v 6.211657 -23.182220 0.859999
v 4.682168 -23.538845 0.679999
v 4.682168 -23.538845 0.859999
v 3.132629 -23.794678 0.679999
v 3.132629 -23.794678 0.859999
v 1.569675 -23.948614 0.679999
v 1.569675 -23.948614 0.859999
v 0.000000 -24.000000 0.679999
v 0.000000 -24.000000 0.859999
v -1.569675 -23.948614 0.679999
v -1.569675 -23.948614 0.859999
v -3.132629 -23.794678 0.679999
v -3.132629 -23.794678 0.859999
v -4.682168 -23.538845 0.679999
v -4.682168 -23.538845 0.859999
v -6.211657 -23.182220 0.679999
v -6.211657 -23.182220 0.859999
v -7.714547 -22.726322 0.679999
v -7.714547 -22.726322 0.859999
v -9.184402 -22.173107 0.679999
v -9.184402 -22.173107 0.859999
v -10.614929 -21.524946 0.679999
v -10.614929 -21.524946 0.859999
v -12.000000 -20.784609 0.679999
v -12.000000 -20.784609 0.859999
v -13.333686 -19.955271 0.679999
v -13.333686 -19.955271 0.859999
v -14.610274 -19.040480 0.679999
v -14.610274 -19.040480 0.859999
v -15.824301 -18.044155 0.679999
v -15.824301 -18.044155 0.859999
v -16.970562 -16.970562 0.679999
v -16.970562 -16.970562 0.859999
v -18.044155 -15.824301 0.679999
v -18.044155 -15.824301 0.859999
v -19.040480 -14.610274 0.679999
v -19.040480 -14.610274 0.859999
v -19.955271 -13.333686 0.679999
v -19.955271 -13.333686 0.859999
v -20.784609 -12.000000 0.679999
v -20.784609 -12.000000 0.859999
v -21.524946 -10.614929 0.680000
v -21.524946 -10.614929 0.860000
v -22.173107 -9.184402 0.680000
v -22.173107 -9.184402 0.860000
v -22.726322 -7.714547 0.680000
v -22.726322 -7.714547 0.860000
v -23.182220 -6.211657 0.680000
v -23.182220 -6.211657 0.860000
v -23.538845 -4.682168 0.680000
v -23.538845 -4.682168 0.860000
v -23.794678 -3.132629 0.680000
v -23.794678 -3.132629 0.860000
v -23.948614 -1.569675 0.680000
v -23.948614 -1.569675 0.860000
v -24.000000 0.000000 0.680000
v -24.000000 -0.000000 0.860000
v -23.948614 1.569675 0.680000
v -23.948614 1.569675 0.860000
v -23.794678 3.132629 0.680000
v -23.794678 3.132629 0.860000
v -23.538845 4.682168 0.680000
v -23.538845 4.682168 0.860000
v -23.182220 6.211657 0.680000
v -23.182220 6.211657 0.860000
v -22.726322 7.714547 0.680000
v -22.726322 7.714547 0.860000
v -22.173107 9.184402 0.680000
v -22.173107 9.184402 0.860000
v -21.524946 10.614929 0.680000
v -21.524946 10.614929 0.860000
v -20.784609 12.000000 0.680000
v -20.784609 12.000000 0.860000
v -19.955271 13.333686 0.680001
v -19.955271 13.333686 0.860001
v -19.040480 14.610274 0.680001
v -19.040480 14.610274 0.860001
v -18.044155 15.824301 0.680001
v -18.044155 15.824301 0.860001
v -16.970562 16.970562 0.680001
v -16.970562 16.970562 0.860001
v -15.824301 18.044155 0.680001
v -15.824301 18.044155 0.860001
v -14.610274 19.040480 0.680001
v -14.610274 19.040480 0.860001
v -13.333686 19.955271 0.680001
v -13.333686 19.955271 0.860001
v -12.000000 20.784609 0.680001
v -12.000000 20.784609 0.860001
v -10.614929 21.524946 0.680001
v -10.614929 21.524946 0.860001
v -9.184402 22.173107 0.680001
v -9.184402 22.173107 0.860001
v -7.714547 22.726322 0.680001
v -7.714547 22.726322 0.860001
v -6.211657 23.182220 0.680001
v -6.211657 23.182220 0.860001
v -4.682168 23.538845 0.680001
v -4.682168 23.538845 0.860001
v -3.132629 23.794678 0.680001
v -3.132629 23.794678 0.860001
v -1.569675 23.948614 0.680001
v -1.569675 23.948614 0.860001
vn 0.0327 0.9995 -0.0000
vn 0.0980 0.9952 -0.0000
vn 0.1629 0.9866 -0.0000
vn 0.2271 0.9739 -0.0000
vn 0.2903 0.9569 -0.0000
vn 0.3523 0.9359 -0.0000
vn 0.4127 0.9109 -0.0000
vn 0.4714 0.8819 -0.0000
vn 0.5281 0.8492 -0.0000
vn 0.5825 0.8128 -0.0000
vn 0.6344 0.7730 -0.0000
vn 0.6836 0.7299 -0.0000
vn 0.7299 0.6836 -0.0000
vn 0.7730 0.6344 -0.0000
vn 0.8128 0.5825 -0.0000
vn 0.8492 0.5281 -0.0000
vn 0.8819 0.4714 -0.0000
vn 0.9109 0.4127 -0.0000
vn 0.9359 0.3523 -0.0000
vn 0.9569 0.2903 -0.0000
vn 0.9739 0.2271 -0.0000
vn 0.9866 0.1629 -0.0000
vn 0.9952 0.0980 -0.0000
vn 0.9995 0.0327 -0.0000
vn 0.9995 -0.0327 -0.0000
vn 0.9952 -0.0980 -0.0000
vn 0.9866 -0.1629 -0.0000
vn 0.9739 -0.2271 -0.0000
vn 0.9569 -0.2903 -0.0000
vn 0.9359 -0.3523 -0.0000
vn 0.9109 -0.4127 -0.0000
vn 0.8819 -0.4714 -0.0000
vn 0.8492 -0.5281 -0.0000
vn 0.8128 -0.5825 -0.0000
vn 0.7730 -0.6344 -0.0000
vn 0.7299 -0.6836 -0.0000
vn 0.6836 -0.7299 -0.0000
vn 0.6344 -0.7730 -0.0000
vn 0.5825 -0.8128 -0.0000
vn 0.5281 -0.8492 -0.0000
vn 0.4714 -0.8819 -0.0000
vn 0.4127 -0.9109 -0.0000
vn 0.3523 -0.9359 -0.0000
vn 0.2903 -0.9569 -0.0000
vn 0.2271 -0.9739 -0.0000
vn 0.1629 -0.9866 -0.0000
vn 0.0980 -0.9952 -0.0000
vn 0.0327 -0.9995 -0.0000
vn -0.0327 -0.9995 -0.0000
vn -0.0980 -0.9952 -0.0000
vn -0.1629 -0.9866 -0.0000
vn -0.2271 -0.9739 -0.0000
vn -0.2903 -0.9569 -0.0000
vn -0.3523 -0.9359 -0.0000
vn -0.4127 -0.9109 -0.0000
vn -0.4714 -0.8819 -0.0000
vn -0.5281 -0.8492 -0.0000
vn -0.5825 -0.8128 -0.0000
vn -0.6344 -0.7730 -0.0000
vn -0.6836 -0.7299 -0.0000
vn -0.7299 -0.6836 -0.0000
vn -0.7730 -0.6344 -0.0000
vn -0.8128 -0.5825 -0.0000
vn -0.8492 -0.5281 -0.0000
vn -0.8819 -0.4714 -0.0000
vn -0.9109 -0.4127 -0.0000
vn -0.9359 -0.3523 -0.0000
vn -0.9569 -0.2903 -0.0000
vn -0.9739 -0.2271 -0.0000
vn -0.9866 -0.1629 -0.0000
vn -0.9952 -0.0980 -0.0000
vn -0.9995 -0.0327 -0.0000
vn -0.9995 0.0327 -0.0000
vn -0.9952 0.0980 -0.0000
vn -0.9866 0.1629 -0.0000
vn -0.9739 0.2271 -0.0000
vn -0.9569 0.2903 -0.0000
vn -0.9359 0.3523 -0.0000
vn -0.9109 0.4127 -0.0000
vn -0.8819 0.4714 -0.0000
vn -0.8492 0.5281 -0.0000
vn -0.8128 0.5825 -0.0000
vn -0.7730 0.6344 -0.0000
vn -0.7299 0.6836 -0.0000
vn -0.6836 0.7299 -0.0000
vn -0.6344 0.7730 -0.0000
vn -0.5825 0.8128 -0.0000
vn -0.5281 0.8492 -0.0000
vn -0.4714 0.8819 -0.0000
vn -0.4127 0.9109 -0.0000
vn -0.3523 0.9359 -0.0000
vn -0.2903 0.9569 -0.0000
vn -0.2271 0.9739 -0.0000
vn -0.1629 0.9866 -0.0000
vn -0.0000 -0.0000 1.0000
vn -0.0980 0.9952 -0.0000
vn -0.0327 0.9995 -0.0000
vn -0.0000 -0.0000 -1.0000
vt 1.000000 0.500000
vt 1.000000 1.000000
vt 0.989583 1.000000
vt 0.989583 0.500000
vt 0.979167 1.000000
vt 0.979167 0.500000
vt 0.968750 1.000000
vt 0.968750 0.500000
vt 0.958333 1.000000
vt 0.958333 0.500000
vt 0.947917 1.000000
vt 0.947917 0.500000
vt 0.937500 1.000000
vt 0.937500 0.500000
vt 0.927083 1.000000
vt 0.927083 0.500000
vt 0.916667 1.000000
vt 0.916667 0.500000
vt 0.906250 1.000000
vt 0.906250 0.500000
vt 0.895833 1.000000
vt 0.895833 0.500000
vt 0.885416 1.000000
vt 0.885416 0.500000
vt 0.875000 1.000000
vt 0.875000 0.500000
vt 0.864583 1.000000
vt 0.864583 0.500000
vt 0.854166 1.000000
vt 0.854166 0.500000
vt 0.843750 1.000000
vt 0.843750 0.500000
vt 0.833333 1.000000
vt 0.833333 0.500000
vt 0.822916 1.000000
vt 0.822916 0.500000
vt 0.812500 1.000000
vt 0.812500 0.500000
vt 0.802083 1.000000
vt 0.802083 0.500000
vt 0.791666 1.000000
vt 0.791666 0.500000
vt 0.781250 1.000000
vt 0.781250 0.500000
vt 0.770833 1.000000
vt 0.770833 0.500000
vt 0.760416 1.000000
vt 0.760416 0.500000
vt 0.750000 1.000000
vt 0.750000 0.500000
vt 0.739583 1.000000
vt 0.739583 0.500000
vt 0.729166 1.000000
vt 0.729166 0.500000
vt 0.718749 1.000000
vt 0.718749 0.500000
vt 0.708333 1.000000
vt 0.708333 0.500000
vt 0.697916 1.000000
vt 0.697916 0.500000
vt 0.687499 1.000000
vt 0.687499 0.500000
vt 0.677083 1.000000
vt 0.677083 0.500000
vt 0.666666 1.000000
vt 0.666666 0.500000
vt 0.656249 1.000000
vt 0.656249 0.500000
vt 0.645833 1.000000
vt 0.645833 0.500000
vt 0.635416 1.000000
vt 0.635416 0.500000
vt 0.624999 1.000000
vt 0.624999 0.500000
vt 0.614583 1.000000
vt 0.614583 0.500000
vt 0.604166 1.000000
vt 0.604166 0.500000
vt 0.593749 1.000000
vt 0.593749 0.500000
vt 0.583333 1.000000
vt 0.583333 0.500000
vt 0.572916 1.000000
vt 0.572916 0.500000
vt 0.562499 1.000000
vt 0.562499 0.500000
vt 0.552082 1.000000
vt 0.552082 0.500000
vt 0.541666 1.000000
vt 0.541666 0.500000
vt 0.531249 1.000000
vt 0.531249 0.500000
vt 0.520832 1.000000
vt 0.520832 0.500000
vt 0.510416 1.000000
vt 0.510416 0.500000
vt 0.499999 1.000000
vt 0.499999 0.500000
vt 0.489582 1.000000
vt 0.489582 0.500000
vt 0.479166 1.000000
vt 0.479166 0.500000
vt 0.468749 1.000000
vt 0.468749 0.500000
vt 0.458332 1.000000
vt 0.458332 0.500000
vt 0.447916 1.000000
vt 0.447916 0.500000
vt 0.437499 1.000000
vt 0.437499 0.500000
vt 0.427082 1.000000
vt 0.427082 0.500000
vt 0.416666 1.000000
vt 0.416666 0.500000
vt 0.406249 1.000000
vt 0.406249 0.500000
vt 0.395833 1.000000
vt 0.395833 0.500000
vt 0.385416 1.000000
vt 0.385416 0.500000
vt 0.374999 1.000000
vt 0.374999 0.500000
vt 0.364583 1.000000
vt 0.364583 0.500000
vt 0.354166 1.000000
vt 0.354166 0.500000
vt 0.343749 1.000000
vt 0.343749 0.500000
vt 0.333333 1.000000
vt 0.333333 0.500000
vt 0.322916 1.000000
vt 0.322916 0.500000
vt 0.312499 1.000000
vt 0.312499 0.500000
vt 0.302083 1.000000
vt 0.302083 0.500000
vt 0.291666 1.000000
vt 0.291666 0.500000
vt 0.281249 1.000000
vt 0.281249 0.500000
vt 0.270833 1.000000
vt 0.270833 0.500000
vt 0.260416 1.000000
vt 0.260416 0.500000
vt 0.249999 1.000000
vt 0.249999 0.500000
vt 0.239583 1.000000
vt 0.239583 0.500000
vt 0.229166 1.000000
vt 0.229166 0.500000
vt 0.218749 1.000000
vt 0.218749 0.500000
vt 0.208333 1.000000
vt 0.208333 0.500000
vt 0.197916 1.000000
vt 0.197916 0.500000
vt 0.187499 1.000000
vt 0.187499 0.500000
vt 0.177083 1.000000
vt 0.177083 0.500000
vt 0.166666 1.000000
vt 0.166666 0.500000
vt 0.156249 1.000000
vt 0.156249 0.500000
vt 0.145833 1.000000
vt 0.145833 0.500000
vt 0.135416 1.000000
vt 0.135416 0.500000
vt 0.124999 1.000000
vt 0.124999 0.500000
vt 0.114583 1.000000
vt 0.114583 0.500000
vt 0.104166 1.000000
vt 0.104166 0.500000
vt 0.093749 1.000000
vt 0.093749 0.500000
vt 0.083333 1.000000
vt 0.083333 0.500000
vt 0.072916 1.000000
vt 0.072916 0.500000
vt 0.062499 1.000000
vt 0.062499 0.500000
vt 0.052083 1.000000
vt 0.052083 0.500000
vt 0.041666 1.000000
vt 0.041666 0.500000
vt 0.031249 1.000000
vt 0.031249 0.500000
vt 0.020833 1.000000
vt 0.020833 0.500000
vt 0.265697 0.489486
vt 0.250000 0.490000
vt 0.234303 0.489486
vt 0.218674 0.487947
vt 0.203178 0.485388
vt 0.187883 0.481822
vt 0.172855 0.477263
vt 0.158156 0.471731
vt 0.143851 0.465249
vt 0.130000 0.457846
vt 0.116663 0.449553
vt 0.103897 0.440405
vt 0.091757 0.430442
vt 0.080294 0.419706
vt 0.069558 0.408243
vt 0.059595 0.396103
vt 0.050447 0.383337
vt 0.042154 0.370000
vt 0.034751 0.356149
vt 0.028269 0.341844
vt 0.022737 0.327145
vt 0.018178 0.312117
vt 0.014612 0.296822
vt 0.012053 0.281326
vt 0.010514 0.265697
vt 0.010000 0.250000
vt 0.010514 0.234303
vt 0.012053 0.218674
vt 0.014612 0.203178
vt 0.018178 0.187883
vt 0.022737 0.172855
vt 0.028269 0.158156
vt 0.034751 0.143851
vt 0.042154 0.130000
vt 0.050447 0.116663
vt 0.059595 0.103897
vt 0.069558 0.091757
vt 0.080294 0.080294
vt 0.091757 0.069558
vt 0.103897 0.059595
vt 0.116663 0.050447
vt 0.130000 0.042154
vt 0.143851 0.034751
vt 0.158156 0.028269
vt 0.172855 0.022737
vt 0.187883 0.018178
vt 0.203178 0.014612
vt 0.218674 0.012053
vt 0.234303 0.010514
vt 0.250000 0.010000
vt 0.265697 0.010514
vt 0.281326 0.012053
vt 0.296822 0.014612
vt 0.312117 0.018178
vt 0.327145 0.022737
vt 0.341844 0.028269
vt 0.356149 0.034751
vt 0.370000 0.042154
vt 0.383337 0.050447
vt 0.396103 0.059595
vt 0.408243 0.069558
vt 0.419706 0.080294
vt 0.430442 0.091757
vt 0.440405 0.103897
vt 0.449553 0.116663
vt 0.457846 0.130000
vt 0.465249 0.143851
vt 0.471731 0.158156
vt 0.477263 0.172855
vt 0.481822 0.187883
vt 0.485388 0.203178
vt 0.487947 0.218674
vt 0.489486 0.234303
vt 0.490000 0.250000
vt 0.489486 0.265697
vt 0.487947 0.281326
vt 0.485388 0.296822
vt 0.481822 0.312117
vt 0.477263 0.327145
vt 0.471731 0.341844
vt 0.465249 0.356149
vt 0.457846 0.370000
vt 0.449553 0.383337
vt 0.440405 0.396103
vt 0.430442 0.408243
vt 0.419706 0.419706
vt 0.408243 0.430442
vt 0.396103 0.440405
vt 0.383337 0.449553
vt 0.370000 0.457846
vt 0.356149 0.465249
vt 0.341844 0.471731
vt 0.327145 0.477263
vt 0.312117 0.481822
vt 0.296822 0.485388
vt 0.281326 0.487947
vt 0.010416 1.000000
vt 0.010416 0.500000
vt -0.000001 1.000000
vt -0.000001 0.500000
vt 0.750000 0.490000
vt 0.765697 0.489486
vt 0.781326 0.487947
vt 0.796822 0.485388
vt 0.812117 0.481822
vt 0.827145 0.477263
vt 0.841844 0.471731
vt 0.856149 0.465249
vt 0.870000 0.457846
vt 0.883337 0.449553
vt 0.896103 0.440405
vt 0.908243 0.430442
vt 0.919706 0.419706
vt 0.930442 0.408243
vt 0.940405 0.396103
vt 0.949553 0.383337
vt 0.957846 0.370000
vt 0.965249 0.356149
vt 0.971731 0.341844
vt 0.977263 0.327145
vt 0.981822 0.312117
vt 0.985388 0.296822
vt 0.987947 0.281326
vt 0.989486 0.265697
vt 0.990000 0.250000
vt 0.989486 0.234303
vt 0.987947 0.218674
vt 0.985388 0.203178
vt 0.981822 0.187883
vt 0.977263 0.172855
vt 0.971731 0.158156
vt 0.965249 0.143851
vt 0.957846 0.130000
vt 0.949553 0.116663
vt 0.940405 0.103897
vt 0.930442 0.091757
vt 0.919706 0.080294
vt 0.908243 0.069558
vt 0.896103 0.059595
vt 0.883337 0.050447
vt 0.870000 0.042154
vt 0.856149 0.034751
vt 0.841844 0.028269
vt 0.827145 0.022737
vt 0.812117 0.018178
vt 0.796822 0.014612
vt 0.781326 0.012053
vt 0.765697 0.010514
vt 0.750000 0.010000
vt 0.734303 0.010514
vt 0.718674 0.012053
vt 0.703178 0.014612
vt 0.687883 0.018178
vt 0.672855 0.022737
vt 0.658156 0.028269
vt 0.643851 0.034751
vt 0.630000 0.042154
vt 0.616663 0.050447
vt 0.603897 0.059595
vt 0.591757 0.069558
vt 0.580294 0.080294
vt 0.569558 0.091757
vt 0.559595 0.103897
vt 0.550447 0.116663
vt 0.542154 0.130000
vt 0.534751 0.143851
vt 0.528269 0.158156
vt 0.522737 0.172855
vt 0.518178 0.187883
vt 0.514612 0.203178
vt 0.512053 0.218674
vt 0.510514 0.234303
vt 0.510000 0.250000
vt 0.510514 0.265697
vt 0.512053 0.281326
vt 0.514612 0.296822
vt 0.518178 0.312117
vt 0.522737 0.327145
vt 0.528269 0.341844
vt 0.534751 0.356149
vt 0.542154 0.370000
vt 0.550447 0.383337
vt 0.559595 0.396103
vt 0.569558 0.408243
vt 0.580294 0.419706
vt 0.591757 0.430442
vt 0.603897 0.440405
vt 0.616663 0.449553
vt 0.630000 0.457846
vt 0.643851 0.465249
vt 0.658156 0.471731
vt 0.672855 0.477263
vt 0.687883 0.481822
vt 0.703178 0.485388
vt 0.718674 0.487947
vt 0.734303 0.489486
s 0
usemtl boss_energy_grid
f 197/387/100 198/388/100 200/389/100 199/390/100
f 199/390/101 200/389/101 202/391/101 201/392/101
f 201/392/102 202/391/102 204/393/102 203/394/102
f 203/394/103 204/393/103 206/395/103 205/396/103
f 205/396/104 206/395/104 208/397/104 207/398/104
f 207/398/105 208/397/105 210/399/105 209/400/105
f 209/400/106 210/399/106 212/401/106 211/402/106
f 211/402/107 212/401/107 214/403/107 213/404/107
f 213/404/108 214/403/108 216/405/108 215/406/108
f 215/406/109 216/405/109 218/407/109 217/408/109
f 217/408/110 218/407/110 220/409/110 219/410/110
f 219/410/111 220/409/111 222/411/111 221/412/111
f 221/412/112 222/411/112 224/413/112 223/414/112
f 223/414/113 224/413/113 226/415/113 225/416/113
f 225/416/114 226/415/114 228/417/114 227/418/114
f 227/418/115 228/417/115 230/419/115 229/420/115
f 229/420/116 230/419/116 232/421/116 231/422/116
f 231/422/117 232/421/117 234/423/117 233/424/117
f 233/424/118 234/423/118 236/425/118 235/426/118
f 235/426/119 236/425/119 238/427/119 237/428/119
f 237/428/120 238/427/120 240/429/120 239/430/120
f 239/430/121 240/429/121 242/431/121 241/432/121
f 241/432/122 242/431/122 244/433/122 243/434/122
f 243/434/123 244/433/123 246/435/123 245/436/123
f 245/436/124 246/435/124 248/437/124 247/438/124
f 247/438/125 248/437/125 250/439/125 249/440/125
f 249/440/126 250/439/126 252/441/126 251/442/126
f 251/442/127 252/441/127 254/443/127 253/444/127
f 253/444/128 254/443/128 256/445/128 255/446/128
f 255/446/129 256/445/129 258/447/129 257/448/129
f 257/448/130 258/447/130 260/449/130 259/450/130
f 259/450/131 260/449/131 262/451/131 261/452/131
f 261/452/132 262/451/132 264/453/132 263/454/132
f 263/454/133 264/453/133 266/455/133 265/456/133
f 265/456/134 266/455/134 268/457/134 267/458/134
f 267/458/135 268/457/135 270/459/135 269/460/135
f 269/460/136 270/459/136 272/461/136 271/462/136
f 271/462/137 272/461/137 274/463/137 273/464/137
f 273/464/138 274/463/138 276/465/138 275/466/138
f 275/466/139 276/465/139 278/467/139 277/468/139
f 277/468/140 278/467/140 280/469/140 279/470/140
f 279/470/141 280/469/141 282/471/141 281/472/141
f 281/472/142 282/471/142 284/473/142 283/474/142
f 283/474/143 284/473/143 286/475/143 285/476/143
f 285/476/144 286/475/144 288/477/144 287/478/144
f 287/478/145 288/477/145 290/479/145 289/480/145
f 289/480/146 290/479/146 292/481/146 291/482/146
f 291/482/147 292/481/147 294/483/147 293/484/147
f 293/484/148 294/483/148 296/485/148 295/486/148
f 295/486/149 296/485/149 298/487/149 297/488/149
f 297/488/150 298/487/150 300/489/150 299/490/150
f 299/490/151 300/489/151 302/491/151 301/492/151
f 301/492/152 302/491/152 304/493/152 303/494/152
f 303/494/153 304/493/153 306/495/153 305/496/153
f 305/496/154 306/495/154 308/497/154 307/498/154
f 307/498/155 308/497/155 310/499/155 309/500/155
f 309/500/156 310/499/156 312/501/156 311/502/156
f 311/502/157 312/501/157 314/503/157 313/504/157
f 313/504/158 314/503/158 316/505/158 315/506/158
f 315/506/159 316/505/159 318/507/159 317/508/159
f 317/508/160 318/507/160 320/509/160 319/510/160
f 319/510/161 320/509/161 322/511/161 321/512/161
f 321/512/162 322/511/162 324/513/162 323/514/162
f 323/514/163 324/513/163 326/515/163 325/516/163
f 325/516/164 326/515/164 328/517/164 327/518/164
f 327/518/165 328/517/165 330/519/165 329/520/165
f 329/520/166 330/519/166 332/521/166 331/522/166
f 331/522/167 332/521/167 334/523/167 333/524/167
f 333/524/168 334/523/168 336/525/168 335/526/168
f 335/526/169 336/525/169 338/527/169 337/528/169
f 337/528/170 338/527/170 340/529/170 339/530/170
f 339/530/171 340/529/171 342/531/171 341/532/171
f 341/532/172 342/531/172 344/533/172 343/534/172
f 343/534/173 344/533/173 346/535/173 345/536/173
f 345/536/174 346/535/174 348/537/174 347/538/174
f 347/538/175 348/537/175 350/539/175 349/540/175
f 349/540/176 350/539/176 352/541/176 351/542/176
f 351/542/177 352/541/177 354/543/177 353/544/177
f 353/544/178 354/543/178 356/545/178 355/546/178
f 355/546/179 356/545/179 358/547/179 357/548/179
f 357/548/180 358/547/180 360/549/180 359/550/180
f 359/550/181 360/549/181 362/551/181 361/552/181
f 361/552/182 362/551/182 364/553/182 363/554/182
f 363/554/183 364/553/183 366/555/183 365/556/183
f 365/556/184 366/555/184 368/557/184 367/558/184
f 367/558/185 368/557/185 370/559/185 369/560/185
f 369/560/186 370/559/186 372/561/186 371/562/186
f 371/562/187 372/561/187 374/563/187 373/564/187
f 373/564/188 374/563/188 376/565/188 375/566/188
f 375/566/189 376/565/189 378/567/189 377/568/189
f 377/568/190 378/567/190 380/569/190 379/570/190
f 379/570/191 380/569/191 382/571/191 381/572/191
f 381/572/192 382/571/192 384/573/192 383/574/192
f 383/574/193 384/573/193 386/575/193 385/576/193
f 200/577/194 198/578/194 388/579/194 386/580/194 384/581/194 382/582/194 380/583/194 378/584/194 376/585/194 374/586/194 372/587/194 370/588/194 368/589/194 366/590/194 364/591/194 362/592/194 360/593/194 358/594/194 356/595/194 354/596/194 352/597/194 350/598/194 348/599/194 346/600/194 344/601/194 342/602/194 340/603/194 338/604/194 336/605/194 334/606/194 332/607/194 330/608/194 328/609/194 326/610/194 324/611/194 322/612/194 320/613/194 318/614/194 316/615/194 314/616/194 312/617/194 310/618/194 308/619/194 306/620/194 304/621/194 302/622/194 300/623/194 298/624/194 296/625/194 294/626/194 292/627/194 290/628/194 288/629/194 286/630/194 284/631/194 282/632/194 280/633/194 278/634/194 276/635/194 274/636/194 272/637/194 270/638/194 268/639/194 266/640/194 264/641/194 262/642/194 260/643/194 258/644/194 256/645/194 254/646/194 252/647/194 250/648/194 248/649/194 246/650/194 244/651/194 242/652/194 240/653/194 238/654/194 236/655/194 234/656/194 232/657/194 230/658/194 228/659/194 226/660/194 224/661/194 222/662/194 220/663/194 218/664/194 216/665/194 214/666/194 212/667/194 210/668/194 208/669/194 206/670/194 204/671/194 202/672/194
f 385/576/195 386/575/195 388/673/195 387/674/195
f 387/674/196 388/673/196 198/675/196 197/676/196
f 197/677/197 199/678/197 201/679/197 203/680/197 205/681/197 207/682/197 209/683/197 211/684/197 213/685/197 215/686/197 217/687/197 219/688/197 221/689/197 223/690/197 225/691/197 227/692/197 229/693/197 231/694/197 233/695/197 235/696/197 237/697/197 239/698/197 241/699/197 243/700/197 245/701/197 247/702/197 249/703/197 251/704/197 253/705/197 255/706/197 257/707/197 259/708/197 261/709/197 263/710/197 265/711/197 267/712/197 269/713/197 271/714/197 273/715/197 275/716/197 277/717/197 279/718/197 281/719/197 283/720/197 285/721/197 287/722/197 289/723/197 291/724/197 293/725/197 295/726/197 297/727/197 299/728/197 301/729/197 303/730/197 305/731/197 307/732/197 309/733/197 311/734/197 313/735/197 315/736/197 317/737/197 319/738/197 321/739/197 323/740/197 325/741/197 327/742/197 329/743/197 331/744/197 333/745/197 335/746/197 337/747/197 339/748/197 341/749/197 343/750/197 345/751/197 347/752/197 349/753/197 351/754/197 353/755/197 355/756/197 357/757/197 359/758/197 361/759/197 363/760/197 365/761/197 367/762/197 369/763/197 371/764/197 373/765/197 375/766/197 377/767/197 379/768/197 381/769/197 383/770/197 385/771/197 387/772/197
o boss_energy_ring_2
v 0.000000 34.000000 0.650001
v 0.000000 34.000000 0.830001
v 2.223706 33.927204 0.650001
v 2.223706 33.927204 0.830001
v 4.437891 33.709126 0.650001
v 4.437891 33.709126 0.830001
v 6.633071 33.346699 0.650001
v 6.633071 33.346699 0.830001
v 8.799848 32.841476 0.650001
v 8.799848 32.841476 0.830001
v 10.928941 32.195625 0.650001
v 10.928941 32.195625 0.830001
v 13.011237 31.411903 0.650001
v 13.011237 31.411903 0.830001
v 15.037816 30.493673 0.650001
v 15.037816 30.493673 0.830001
v 17.000000 29.444862 0.650001
v 17.000000 29.444862 0.830001
v 18.889389 28.269966 0.650001
v 18.889389 28.269966 0.830001
v 20.697889 26.974012 0.650001
v 20.697889 26.974012 0.830001
v 22.417759 25.562551 0.650001
v 22.417759 25.562551 0.830001
v 24.041630 24.041630 0.650001
v 24.041630 24.041630 0.830001
v 25.562551 22.417759 0.650001
v 25.562551 22.417759 0.830001
v 26.974012 20.697889 0.650001
v 26.974012 20.697889 0.830001
v 28.269966 18.889389 0.650001
v 28.269966 18.889389 0.830001
v 29.444862 17.000000 0.650001
v 29.444862 17.000000 0.830001
v 30.493673 15.037816 0.650001
v 30.493673 15.037816 0.830001
v 31.411903 13.011237 0.650001
v 31.411903 13.011237 0.830001
v 32.195625 10.928941 0.650000
v 32.195625 10.928941 0.830001
v 32.841476 8.799848 0.650000
v 32.841476 8.799848 0.830000
v 33.346699 6.633071 0.650000
v 33.346699 6.633071 0.830000
v 33.709126 4.437891 0.650000
v 33.709126 4.437891 0.830000
v 33.927204 2.223706 0.650000
v 33.927204 2.223706 0.830000
v 34.000000 0.000000 0.650000
v 34.000000 -0.000000 0.830000
v 33.927204 -2.223706 0.650000
v 33.927204 -2.223706 0.830000
v 33.709126 -4.437891 0.650000
v 33.709126 -4.437891 0.830000
v 33.346699 -6.633071 0.650000
v 33.346699 -6.633071 0.830000
v 32.841476 -8.799848 0.650000
v 32.841476 -8.799848 0.830000
v 32.195625 -10.928941 0.649999
v 32.195625 -10.928941 0.830000
v 31.411903 -13.011237 0.649999
v 31.411903 -13.011237 0.829999
v 30.493673 -15.037816 0.649999
v 30.493673 -15.037816 0.829999
v 29.444862 -17.000000 0.649999
v 29.444862 -17.000000 0.829999
v 28.269966 -18.889389 0.649999
v 28.269966 -18.889389 0.829999
v 26.974012 -20.697889 0.649999
v 26.974012 -20.697889 0.829999
v 25.562551 -22.417759 0.649999
v 25.562551 -22.417759 0.829999
v 24.041630 -24.041630 0.649999
v 24.041630 -24.041630 0.829999
v 22.417759 -25.562551 0.649999
v 22.417759 -25.562551 0.829999
v 20.697889 -26.974012 0.649999
v 20.697889 -26.974012 0.829999
v 18.889389 -28.269966 0.649999
v 18.889389 -28.269966 0.829999
v 17.000000 -29.444862 0.649999
v 17.000000 -29.444862 0.829999
v 15.037816 -30.493673 0.649999
v 15.037816 -30.493673 0.829999
v 13.011237 -31.411903 0.649999
v 13.011237 -31.411903 0.829999
v 10.928941 -32.195625 0.649999
v 10.928941 -32.195625 0.829999
v 8.799848 -32.841476 0.649999
v 8.799848 -32.841476 0.829999
v 6.633071 -33.346699 0.649999
v 6.633071 -33.346699 0.829999
v 4.437891 -33.709126 0.649999
v 4.437891 -33.709126 0.829999
v 2.223706 -33.927204 0.649999
v 2.223706 -33.927204 0.829999
v 0.000000 -34.000000 0.649999
v 0.000000 -34.000000 0.829999
v -2.223706 -33.927204 0.649999
v -2.223706 -33.927204 0.829999
v -4.437891 -33.709126 0.649999
v -4.437891 -33.709126 0.829999
v -6.633071 -33.346699 0.649999
v -6.633071 -33.346699 0.829999
v -8.799848 -32.841476 0.649999
v -8.799848 -32.841476 0.829999
v -10.928941 -32.195625 0.649999
v -10.928941 -32.195625 0.829999
v -13.011237 -31.411903 0.649999
v -13.011237 -31.411903 0.829999
v -15.037816 -30.493673 0.649999
v -15.037816 -30.493673 0.829999
v -17.000000 -29.444862 0.649999
v -17.000000 -29.444862 0.829999
v -18.889389 -28.269966 0.649999
v -18.889389 -28.269966 0.829999
v -20.697889 -26.974012 0.649999
v -20.697889 -26.974012 0.829999
v -22.417759 -25.562551 0.649999
v -22.417759 -25.562551 0.829999
v -24.041630 -24.041630 0.649999
v -24.041630 -24.041630 0.829999
v -25.562551 -22.417759 0.649999
v -25.562551 -22.417759 0.829999
v -26.974012 -20.697889 0.649999
v -26.974012 -20.697889 0.829999
v -28.269966 -18.889389 0.649999
v -28.269966 -18.889389 0.829999
v -29.444862 -17.000000 0.649999
v -29.444862 -17.000000 0.829999
v -30.493673 -15.037816 0.649999
v -30.493673 -15.037816 0.829999
v -31.411903 -13.011237 0.649999
v -31.411903 -13.011237 0.829999
v -32.195625 -10.928941 0.649999
v -32.195625 -10.928941 0.830000
v -32.841476 -8.799848 0.650000
v -32.841476 -8.799848 0.830000
v -33.346699 -6.633071 0.650000
v -33.346699 -6.633071 0.830000
v -33.709126 -4.437891 0.650000
v -33.709126 -4.437891 0.830000
v -33.927204 -2.223706 0.650000
v -33.927204 -2.223706 0.830000
v -34.000000 0.000000 0.650000
v -34.000000 -0.000000 0.830000
v -33.927204 2.223706 0.650000
v -33.927204 2.223706 0.830000
v -33.709126 4.437891 0.650000
v -33.709126 4.437891 0.830000
v -33.346699 6.633071 0.650000
v -33.346699 6.633071 0.830000
v -32.841476 8.799848 0.650000
v -32.841476 8.799848 0.830000
v -32.195625 10.928941 0.650000
v -32.195625 10.928941 0.830001
v -31.411903 13.011237 0.650001
v -31.411903 13.011237 0.830001
v -30.493673 15.037816 0.650001
v -30.493673 15.037816 0.830001
v -29.444862 17.000000 0.650001
v -29.444862 17.000000 0.830001
v -28.269966 18.889389 0.650001
v -28.269966 18.889389 0.830001
v -26.974012 20.697889 0.650001
v -26.974012 20.697889 0.830001
v -25.562551 22.417759 0.650001
v -25.562551 22.417759 0.830001
v -24.041630 24.041630 0.650001
v -24.041630 24.041630 0.830001
v -22.417759 25.562551 0.650001
v -22.417759 25.562551 0.830001
v -20.697889 26.974012 0.650001
v -20.697889 26.974012 0.830001
v -18.889389 28.269966 0.650001
v -18.889389 28.269966 0.830001
v -17.000000 29.444862 0.650001
v -17.000000 29.444862 0.830001
v -15.037816 30.493673 0.650001
v -15.037816 30.493673 0.830001
v -13.011237 31.411903 0.650001
v -13.011237 31.411903 0.830001
v -10.928941 32.195625 0.650001
v -10.928941 32.195625 0.830001
v -8.799848 32.841476 0.650001
v -8.799848 32.841476 0.830001
v -6.633071 33.346699 0.650001
v -6.633071 33.346699 0.830001
v -4.437891 33.709126 0.650001
v -4.437891 33.709126 0.830001
v -2.223706 33.927204 0.650001
v -2.223706 33.927204 0.830001
vn 0.0327 0.9995 -0.0000
vn 0.0980 0.9952 -0.0000
vn 0.1629 0.9866 -0.0000
vn 0.2271 0.9739 -0.0000
vn 0.2903 0.9569 -0.0000
vn 0.3523 0.9359 -0.0000
vn 0.4127 0.9109 -0.0000
vn 0.4714 0.8819 -0.0000
vn 0.5281 0.8492 -0.0000
vn 0.5825 0.8128 -0.0000
vn 0.6344 0.7730 -0.0000
vn 0.6836 0.7299 -0.0000
vn 0.7299 0.6836 -0.0000
vn 0.7730 0.6344 -0.0000
vn 0.8128 0.5825 -0.0000
vn 0.8492 0.5281 -0.0000
vn 0.8819 0.4714 -0.0000
vn 0.9109 0.4127 -0.0000
vn 0.9359 0.3523 -0.0000
vn 0.9569 0.2903 -0.0000
vn 0.9739 0.2271 -0.0000
vn 0.9866 0.1629 -0.0000
vn 0.9952 0.0980 -0.0000
vn 0.9995 0.0327 -0.0000
vn 0.9995 -0.0327 -0.0000
vn 0.9952 -0.0980 -0.0000
vn 0.9866 -0.1629 -0.0000
vn 0.9739 -0.2271 -0.0000
vn 0.9569 -0.2903 -0.0000
vn 0.9359 -0.3523 -0.0000
vn 0.9109 -0.4127 -0.0000
vn 0.8819 -0.4714 -0.0000
vn 0.8492 -0.5281 -0.0000
vn 0.8128 -0.5825 -0.0000
vn 0.7730 -0.6344 -0.0000
vn 0.7299 -0.6836 -0.0000
vn 0.6836 -0.7299 -0.0000
vn 0.6344 -0.7730 -0.0000
vn 0.5825 -0.8128 -0.0000
vn 0.5281 -0.8492 -0.0000
vn 0.4714 -0.8819 -0.0000
vn 0.4127 -0.9109 -0.0000
vn 0.3523 -0.9359 -0.0000
vn 0.2903 -0.9569 -0.0000
vn 0.2271 -0.9739 -0.0000
vn 0.1629 -0.9866 -0.0000
vn 0.0980 -0.9952 -0.0000
vn 0.0327 -0.9995 -0.0000
vn -0.0327 -0.9995 -0.0000
vn -0.0980 -0.9952 -0.0000
vn -0.1629 -0.9866 -0.0000
vn -0.2271 -0.9739 -0.0000
vn -0.2903 -0.9569 -0.0000
vn -0.3523 -0.9359 -0.0000
vn -0.4127 -0.9109 -0.0000
vn -0.4714 -0.8819 -0.0000
vn -0.5281 -0.8492 -0.0000
vn -0.5825 -0.8128 -0.0000
vn -0.6344 -0.7730 -0.0000
vn -0.6836 -0.7299 -0.0000
vn -0.7299 -0.6836 -0.0000
vn -0.7730 -0.6344 -0.0000
vn -0.8128 -0.5825 -0.0000
vn -0.8492 -0.5281 -0.0000
vn -0.8819 -0.4714 -0.0000
vn -0.9109 -0.4127 -0.0000
vn -0.9359 -0.3523 -0.0000
vn -0.9569 -0.2903 -0.0000
vn -0.9739 -0.2271 -0.0000
vn -0.9866 -0.1629 -0.0000
vn -0.9952 -0.0980 -0.0000
vn -0.9995 -0.0327 -0.0000
vn -0.9995 0.0327 -0.0000
vn -0.9952 0.0980 -0.0000
vn -0.9866 0.1629 -0.0000
vn -0.9739 0.2271 -0.0000
vn -0.9569 0.2903 -0.0000
vn -0.9359 0.3523 -0.0000
vn -0.9109 0.4127 -0.0000
vn -0.8819 0.4714 -0.0000
vn -0.8492 0.5281 -0.0000
vn -0.8128 0.5825 -0.0000
vn -0.7730 0.6344 -0.0000
vn -0.7299 0.6836 -0.0000
vn -0.6836 0.7299 -0.0000
vn -0.6344 0.7730 -0.0000
vn -0.5825 0.8128 -0.0000
vn -0.5281 0.8492 -0.0000
vn -0.4714 0.8819 -0.0000
vn -0.4127 0.9109 -0.0000
vn -0.3523 0.9359 -0.0000
vn -0.2903 0.9569 -0.0000
vn -0.2271 0.9739 -0.0000
vn -0.1629 0.9866 -0.0000
vn -0.0000 -0.0000 1.0000
vn -0.0980 0.9952 -0.0000
vn -0.0327 0.9995 -0.0000
vn -0.0000 -0.0000 -1.0000
vt 1.000000 0.500000
vt 1.000000 1.000000
vt 0.989583 1.000000
vt 0.989583 0.500000
vt 0.979167 1.000000
vt 0.979167 0.500000
vt 0.968750 1.000000
vt 0.968750 0.500000
vt 0.958333 1.000000
vt 0.958333 0.500000
vt 0.947917 1.000000
vt 0.947917 0.500000
vt 0.937500 1.000000
vt 0.937500 0.500000
vt 0.927083 1.000000
vt 0.927083 0.500000
vt 0.916667 1.000000
vt 0.916667 0.500000
vt 0.906250 1.000000
vt 0.906250 0.500000
vt 0.895833 1.000000
vt 0.895833 0.500000
vt 0.885416 1.000000
vt 0.885416 0.500000
vt 0.875000 1.000000
vt 0.875000 0.500000
vt 0.864583 1.000000
vt 0.864583 0.500000
vt 0.854166 1.000000
vt 0.854166 0.500000
vt 0.843750 1.000000
vt 0.843750 0.500000
vt 0.833333 1.000000
vt 0.833333 0.500000
vt 0.822916 1.000000
vt 0.822916 0.500000
vt 0.812500 1.000000
vt 0.812500 0.500000
vt 0.802083 1.000000
vt 0.802083 0.500000
vt 0.791666 1.000000
vt 0.791666 0.500000
vt 0.781250 1.000000
vt 0.781250 0.500000
vt 0.770833 1.000000
vt 0.770833 0.500000
vt 0.760416 1.000000
vt 0.760416 0.500000
vt 0.750000 1.000000
vt 0.750000 0.500000
vt 0.739583 1.000000
vt 0.739583 0.500000
vt 0.729166 1.000000
vt 0.729166 0.500000
vt 0.718749 1.000000
vt 0.718749 0.500000
vt 0.708333 1.000000
vt 0.708333 0.500000
vt 0.697916 1.000000
vt 0.697916 0.500000
vt 0.687499 1.000000
vt 0.687499 0.500000
vt 0.677083 1.000000
vt 0.677083 0.500000
vt 0.666666 1.000000
vt 0.666666 0.500000
vt 0.656249 1.000000
vt 0.656249 0.500000
vt 0.645833 1.000000
vt 0.645833 0.500000
vt 0.635416 1.000000
vt 0.635416 0.500000
vt 0.624999 1.000000
vt 0.624999 0.500000
vt 0.614583 1.000000
vt 0.614583 0.500000
vt 0.604166 1.000000
vt 0.604166 0.500000
vt 0.593749 1.000000
vt 0.593749 0.500000
vt 0.583333 1.000000
vt 0.583333 0.500000
vt 0.572916 1.000000
vt 0.572916 0.500000
vt 0.562499 1.000000
vt 0.562499 0.500000
vt 0.552082 1.000000
vt 0.552082 0.500000
vt 0.541666 1.000000
vt 0.541666 0.500000
vt 0.531249 1.000000
vt 0.531249 0.500000
vt 0.520832 1.000000
vt 0.520832 0.500000
vt 0.510416 1.000000
vt 0.510416 0.500000
vt 0.499999 1.000000
vt 0.499999 0.500000
vt 0.489582 1.000000
vt 0.489582 0.500000
vt 0.479166 1.000000
vt 0.479166 0.500000
vt 0.468749 1.000000
vt 0.468749 0.500000
vt 0.458332 1.000000
vt 0.458332 0.500000
vt 0.447916 1.000000
vt 0.447916 0.500000
vt 0.437499 1.000000
vt 0.437499 0.500000
vt 0.427082 1.000000
vt 0.427082 0.500000
vt 0.416666 1.000000
vt 0.416666 0.500000
vt 0.406249 1.000000
vt 0.406249 0.500000
vt 0.395833 1.000000
vt 0.395833 0.500000
vt 0.385416 1.000000
vt 0.385416 0.500000
vt 0.374999 1.000000
vt 0.374999 0.500000
vt 0.364583 1.000000
vt 0.364583 0.500000
vt 0.354166 1.000000
vt 0.354166 0.500000
vt 0.343749 1.000000
vt 0.343749 0.500000
vt 0.333333 1.000000
vt 0.333333 0.500000
vt 0.322916 1.000000
vt 0.322916 0.500000
vt 0.312499 1.000000
vt 0.312499 0.500000
vt 0.302083 1.000000
vt 0.302083 0.500000
vt 0.291666 1.000000
vt 0.291666 0.500000
vt 0.281249 1.000000
vt 0.281249 0.500000
vt 0.270833 1.000000
vt 0.270833 0.500000
vt 0.260416 1.000000
vt 0.260416 0.500000
vt 0.249999 1.000000
vt 0.249999 0.500000
vt 0.239583 1.000000
vt 0.239583 0.500000
vt 0.229166 1.000000
vt 0.229166 0.500000
vt 0.218749 1.000000
vt 0.218749 0.500000
vt 0.208333 1.000000
vt 0.208333 0.500000
vt 0.197916 1.000000
vt 0.197916 0.500000
vt 0.187499 1.000000
vt 0.187499 0.500000
vt 0.177083 1.000000
vt 0.177083 0.500000
vt 0.166666 1.000000
vt 0.166666 0.500000
vt 0.156249 1.000000
vt 0.156249 0.500000
vt 0.145833 1.000000
vt 0.145833 0.500000
vt 0.135416 1.000000
vt 0.135416 0.500000
vt 0.124999 1.000000
vt 0.124999 0.500000
vt 0.114583 1.000000
vt 0.114583 0.500000
vt 0.104166 1.000000
vt 0.104166 0.500000
vt 0.093749 1.000000
vt 0.093749 0.500000
vt 0.083333 1.000000
vt 0.083333 0.500000
vt 0.072916 1.000000
vt 0.072916 0.500000
vt 0.062499 1.000000
vt 0.062499 0.500000
vt 0.052083 1.000000
vt 0.052083 0.500000
vt 0.041666 1.000000
vt 0.041666 0.500000
vt 0.031249 1.000000
vt 0.031249 0.500000
vt 0.020833 1.000000
vt 0.020833 0.500000
vt 0.265697 0.489486
vt 0.250000 0.490000
vt 0.234303 0.489486
vt 0.218674 0.487947
vt 0.203178 0.485388
vt 0.187883 0.481822
vt 0.172855 0.477263
vt 0.158156 0.471731
vt 0.143851 0.465249
vt 0.130000 0.457846
vt 0.116663 0.449553
vt 0.103897 0.440405
vt 0.091757 0.430442
vt 0.080294 0.419706
vt 0.069558 0.408243
vt 0.059595 0.396103
vt 0.050447 0.383337
vt 0.042154 0.370000
vt 0.034751 0.356149
vt 0.028269 0.341844
vt 0.022737 0.327145
vt 0.018178 0.312117
vt 0.014612 0.296822
vt 0.012053 0.281326
vt 0.010514 0.265697
vt 0.010000 0.250000
vt 0.010514 0.234303
vt 0.012053 0.218674
vt 0.014612 0.203178
vt 0.018178 0.187883
vt 0.022737 0.172855
vt 0.028269 0.158156
vt 0.034751 0.143851
vt 0.042154 0.130000
vt 0.050447 0.116663
vt 0.059595 0.103897
vt 0.069558 0.091757
vt 0.080294 0.080294
vt 0.091757 0.069558
vt 0.103897 0.059595
vt 0.116663 0.050447
vt 0.130000 0.042154
vt 0.143851 0.034751
vt 0.158156 0.028269
vt 0.172855 0.022737
vt 0.187883 0.018178
vt 0.203178 0.014612
vt 0.218674 0.012053
vt 0.234303 0.010514
vt 0.250000 0.010000
vt 0.265697 0.010514
vt 0.281326 0.012053
vt 0.296822 0.014612
vt 0.312117 0.018178
vt 0.327145 0.022737
vt 0.341844 0.028269
vt 0.356149 0.034751
vt 0.370000 0.042154
vt 0.383337 0.050447
vt 0.396103 0.059595
vt 0.408243 0.069558
vt 0.419706 0.080294
vt 0.430442 0.091757
vt 0.440405 0.103897
vt 0.449553 0.116663
vt 0.457846 0.130000
vt 0.465249 0.143851
vt 0.471731 0.158156
vt 0.477263 0.172855
vt 0.481822 0.187883
vt 0.485388 0.203178
vt 0.487947 0.218674
vt 0.489486 0.234303
vt 0.490000 0.250000
vt 0.489486 0.265697
vt 0.487947 0.281326
vt 0.485388 0.296822
vt 0.481822 0.312117
vt 0.477263 0.327145
vt 0.471731 0.341844
vt 0.465249 0.356149
vt 0.457846 0.370000
vt 0.449553 0.383337
vt 0.440405 0.396103
vt 0.430442 0.408243
vt 0.419706 0.419706
vt 0.408243 0.430442
vt 0.396103 0.440405
vt 0.383337 0.449553
vt 0.370000 0.457846
vt 0.356149 0.465249
vt 0.341844 0.471731
vt 0.327145 0.477263
vt 0.312117 0.481822
vt 0.296822 0.485388
vt 0.281326 0.487947
vt 0.010416 1.000000
vt 0.010416 0.500000
vt -0.000001 1.000000
vt -0.000001 0.500000
vt 0.750000 0.490000
vt 0.765697 0.489486
vt 0.781326 0.487947
vt 0.796822 0.485388
vt 0.812117 0.481822
vt 0.827145 0.477263
vt 0.841844 0.471731
vt 0.856149 0.465249
vt 0.870000 0.457846
vt 0.883337 0.449553
vt 0.896103 0.440405
vt 0.908243 0.430442
vt 0.919706 0.419706
vt 0.930442 0.408243
vt 0.940405 0.396103
vt 0.949553 0.383337
vt 0.957846 0.370000
vt 0.965249 0.356149
vt 0.971731 0.341844
vt 0.977263 0.327145
vt 0.981822 0.312117
vt 0.985388 0.296822
vt 0.987947 0.281326
vt 0.989486 0.265697
vt 0.990000 0.250000
vt 0.989486 0.234303
vt 0.987947 0.218674
vt 0.985388 0.203178
vt 0.981822 0.187883
vt 0.977263 0.172855
vt 0.971731 0.158156
vt 0.965249 0.143851
vt 0.957846 0.130000
vt 0.949553 0.116663
vt 0.940405 0.103897
vt 0.930442 0.091757
vt 0.919706 0.080294
vt 0.908243 0.069558
vt 0.896103 0.059595
vt 0.883337 0.050447
vt 0.870000 0.042154
vt 0.856149 0.034751
vt 0.841844 0.028269
vt 0.827145 0.022737
vt 0.812117 0.018178
vt 0.796822 0.014612
vt 0.781326 0.012053
vt 0.765697 0.010514
vt 0.750000 0.010000
vt 0.734303 0.010514
vt 0.718674 0.012053
vt 0.703178 0.014612
vt 0.687883 0.018178
vt 0.672855 0.022737
vt 0.658156 0.028269
vt 0.643851 0.034751
vt 0.630000 0.042154
vt 0.616663 0.050447
vt 0.603897 0.059595
vt 0.591757 0.069558
vt 0.580294 0.080294
vt 0.569558 0.091757
vt 0.559595 0.103897
vt 0.550447 0.116663
vt 0.542154 0.130000
vt 0.534751 0.143851
vt 0.528269 0.158156
vt 0.522737 0.172855
vt 0.518178 0.187883
vt 0.514612 0.203178
vt 0.512053 0.218674
vt 0.510514 0.234303
vt 0.510000 0.250000
vt 0.510514 0.265697
vt 0.512053 0.281326
vt 0.514612 0.296822
vt 0.518178 0.312117
vt 0.522737 0.327145
vt 0.528269 0.341844
vt 0.534751 0.356149
vt 0.542154 0.370000
vt 0.550447 0.383337
vt 0.559595 0.396103
vt 0.569558 0.408243
vt 0.580294 0.419706
vt 0.591757 0.430442
vt 0.603897 0.440405
vt 0.616663 0.449553
vt 0.630000 0.457846
vt 0.643851 0.465249
vt 0.658156 0.471731
vt 0.672855 0.477263
vt 0.687883 0.481822
vt 0.703178 0.485388
vt 0.718674 0.487947
vt 0.734303 0.489486
s 0
usemtl boss_energy_grid
f 389/773/198 390/774/198 392/775/198 391/776/198
f 391/776/199 392/775/199 394/777/199 393/778/199
f 393/778/200 394/777/200 396/779/200 395/780/200
f 395/780/201 396/779/201 398/781/201 397/782/201
f 397/782/202 398/781/202 400/783/202 399/784/202
f 399/784/203 400/783/203 402/785/203 401/786/203
f 401/786/204 402/785/204 404/787/204 403/788/204
f 403/788/205 404/787/205 406/789/205 405/790/205
f 405/790/206 406/789/206 408/791/206 407/792/206
f 407/792/207 408/791/207 410/793/207 409/794/207
f 409/794/208 410/793/208 412/795/208 411/796/208
f 411/796/209 412/795/209 414/797/209 413/798/209
f 413/798/210 414/797/210 416/799/210 415/800/210
f 415/800/211 416/799/211 418/801/211 417/802/211
f 417/802/212 418/801/212 420/803/212 419/804/212
f 419/804/213 420/803/213 422/805/213 421/806/213
f 421/806/214 422/805/214 424/807/214 423/808/214
f 423/808/215 424/807/215 426/809/215 425/810/215
f 425/810/216 426/809/216 428/811/216 427/812/216
f 427/812/217 428/811/217 430/813/217 429/814/217
f 429/814/218 430/813/218 432/815/218 431/816/218
f 431/816/219 432/815/219 434/817/219 433/818/219
f 433/818/220 434/817/220 436/819/220 435/820/220
f 435/820/221 436/819/221 438/821/221 437/822/221
f 437/822/222 438/821/222 440/823/222 439/824/222
f 439/824/223 440/823/223 442/825/223 441/826/223
f 441/826/224 442/825/224 444/827/224 443/828/224
f 443/828/225 444/827/225 446/829/225 445/830/225
f 445/830/226 446/829/226 448/831/226 447/832/226
f 447/832/227 448/831/227 450/833/227 449/834/227
f 449/834/228 450/833/228 452/835/228 451/836/228
f 451/836/229 452/835/229 454/837/229 453/838/229
f 453/838/230 454/837/230 456/839/230 455/840/230
f 455/840/231 456/839/231 458/841/231 457/842/231
f 457/842/232 458/841/232 460/843/232 459/844/232
f 459/844/233 460/843/233 462/845/233 461/846/233
f 461/846/234 462/845/234 464/847/234 463/848/234
f 463/848/235 464/847/235 466/849/235 465/850/235
f 465/850/236 466/849/236 468/851/236 467/852/236
f 467/852/237 468/851/237 470/853/237 469/854/237
f 469/854/238 470/853/238 472/855/238 471/856/238
f 471/856/239 472/855/239 474/857/239 473/858/239
f 473/858/240 474/857/240 476/859/240 475/860/240
f 475/860/241 476/859/241 478/861/241 477/862/241
f 477/862/242 478/861/242 480/863/242 479/864/242
f 479/864/243 480/863/243 482/865/243 481/866/243
f 481/866/244 482/865/244 484/867/244 483/868/244
f 483/868/245 484/867/245 486/869/245 485/870/245
f 485/870/246 486/869/246 488/871/246 487/872/246
f 487/872/247 488/871/247 490/873/247 489/874/247
f 489/874/248 490/873/248 492/875/248 491/876/248
f 491/876/249 492/875/249 494/877/249 493/878/249
f 493/878/250 494/877/250 496/879/250 495/880/250
f 495/880/251 496/879/251 498/881/251 497/882/251
f 497/882/252 498/881/252 500/883/252 499/884/252
f 499/884/253 500/883/253 502/885/253 501/886/253
f 501/886/254 502/885/254 504/887/254 503/888/254
f 503/888/255 504/887/255 506/889/255 505/890/255
f 505/890/256 506/889/256 508/891/256 507/892/256
f 507/892/257 508/891/257 510/893/257 509/894/257
f 509/894/258 510/893/258 512/895/258 511/896/258
f 511/896/259 512/895/259 514/897/259 513/898/259
f 513/898/260 514/897/260 516/899/260 515/900/260
f 515/900/261 516/899/261 518/901/261 517/902/261
f 517/902/262 518/901/262 520/903/262 519/904/262
f 519/904/263 520/903/263 522/905/263 521/906/263
f 521/906/264 522/905/264 524/907/264 523/908/264
f 523/908/265 524/907/265 526/909/265 525/910/265
f 525/910/266 526/909/266 528/911/266 527/912/266
f 527/912/267 528/911/267 530/913/267 529/914/267
f 529/914/268 530/913/268 532/915/268 531/916/268
f 531/916/269 532/915/269 534/917/269 533/918/269
f 533/918/270 534/917/270 536/919/270 535/920/270
f 535/920/271 536/919/271 538/921/271 537/922/271
f 537/922/272 538/921/272 540/923/272 539/924/272
f 539/924/273 540/923/273 542/925/273 541/926/273
f 541/926/274 542/925/274 544/927/274 543/928/274
f 543/928/275 544/927/275 546/929/275 545/930/275
f 545/930/276 546/929/276 548/931/276 547/932/276
f 547/932/277 548/931/277 550/933/277 549/934/277
f 549/934/278 550/933/278 552/935/278 551/936/278
f 551/936/279 552/935/279 554/937/279 553/938/279
f 553/938/280 554/937/280 556/939/280 555/940/280
f 555/940/281 556/939/281 558/941/281 557/942/281
f 557/942/282 558/941/282 560/943/282 559/944/282
f 559/944/283 560/943/283 562/945/283 561/946/283
f 561/946/284 562/945/284 564/947/284 563/948/284
f 563/948/285 564/947/285 566/949/285 565/950/285
f 565/950/286 566/949/286 568/951/286 567/952/286
f 567/952/287 568/951/287 570/953/287 569/954/287
f 569/954/288 570/953/288 572/955/288 571/956/288
f 571/956/289 572/955/289 574/957/289 573/958/289
f 573/958/290 574/957/290 576/959/290 575/960/290
f 575/960/291 576/959/291 578/961/291 577/962/291
f 392/963/292 390/964/292 580/965/292 578/966/292 576/967/292 574/968/292 572/969/292 570/970/292 568/971/292 566/972/292 564/973/292 562/974/292 560/975/292 558/976/292 556/977/292 554/978/292 552/979/292 550/980/292 548/981/292 546/982/292 544/983/292 542/984/292 540/985/292 538/986/292 536/987/292 534/988/292 532/989/292 530/990/292 528/991/292 526/992/292 524/993/292 522/994/292 520/995/292 518/996/292 516/997/292 514/998/292 512/999/292 510/1000/292 508/1001/292 506/1002/292 504/1003/292 502/1004/292 500/1005/292 498/1006/292 496/1007/292 494/1008/292 492/1009/292 490/1010/292 488/1011/292 486/1012/292 484/1013/292 482/1014/292 480/1015/292 478/1016/292 476/1017/292 474/1018/292 472/1019/292 470/1020/292 468/1021/292 466/1022/292 464/1023/292 462/1024/292 460/1025/292 458/1026/292 456/1027/292 454/1028/292 452/1029/292 450/1030/292 448/1031/292 446/1032/292 444/1033/292 442/1034/292 440/1035/292 438/1036/292 436/1037/292 434/1038/292 432/1039/292 430/1040/292 428/1041/292 426/1042/292 424/1043/292 422/1044/292 420/1045/292 418/1046/292 416/1047/292 414/1048/292 412/1049/292 410/1050/292 408/1051/292 406/1052/292 404/1053/292 402/1054/292 400/1055/292 398/1056/292 396/1057/292 394/1058/292
f 577/962/293 578/961/293 580/1059/293 579/1060/293
f 579/1060/294 580/1059/294 390/1061/294 389/1062/294
f 389/1063/295 391/1064/295 393/1065/295 395/1066/295 397/1067/295 399/1068/295 401/1069/295 403/1070/295 405/1071/295 407/1072/295 409/1073/295 411/1074/295 413/1075/295 415/1076/295 417/1077/295 419/1078/295 421/1079/295 423/1080/295 425/1081/295 427/1082/295 429/1083/295 431/1084/295 433/1085/295 435/1086/295 437/1087/295 439/1088/295 441/1089/295 443/1090/295 445/1091/295 447/1092/295 449/1093/295 451/1094/295 453/1095/295 455/1096/295 457/1097/295 459/1098/295 461/1099/295 463/1100/295 465/1101/295 467/1102/295 469/1103/295 471/1104/295 473/1105/295 475/1106/295 477/1107/295 479/1108/295 481/1109/295 483/1110/295 485/1111/295 487/1112/295 489/1113/295 491/1114/295 493/1115/295 495/1116/295 497/1117/295 499/1118/295 501/1119/295 503/1120/295 505/1121/295 507/1122/295 509/1123/295 511/1124/295 513/1125/295 515/1126/295 517/1127/295 519/1128/295 521/1129/295 523/1130/295 525/1131/295 527/1132/295 529/1133/295 531/1134/295 533/1135/295 535/1136/295 537/1137/295 539/1138/295 541/1139/295 543/1140/295 545/1141/295 547/1142/295 549/1143/295 551/1144/295 553/1145/295 555/1146/295 557/1147/295 559/1148/295 561/1149/295 563/1150/295 565/1151/295 567/1152/295 569/1153/295 571/1154/295 573/1155/295 575/1156/295 577/1157/295 579/1158/295
o boss_runway_grid_x_-36
v -36.000000 -36.060001 0.740000
v -36.000000 -35.939999 0.740000
v -36.000000 -36.060001 0.660000
v -36.000000 -35.939999 0.660000
v 36.000000 -36.060001 0.740000
v 36.000000 -35.939999 0.740000
v 36.000000 -36.060001 0.660000
v 36.000000 -35.939999 0.660000
vn -1.0000 -0.0000 -0.0000
vn -0.0000 -0.0000 -1.0000
vn 1.0000 -0.0000 -0.0000
vn -0.0000 -0.0000 1.0000
vn -0.0000 -1.0000 -0.0000
vn -0.0000 1.0000 -0.0000
vt 0.375000 0.000000
vt 0.625000 0.000000
vt 0.625000 0.250000
vt 0.375000 0.250000
vt 0.625000 0.500000
vt 0.375000 0.500000
vt 0.625000 0.750000
vt 0.375000 0.750000
vt 0.625000 1.000000
vt 0.375000 1.000000
vt 0.125000 0.500000
vt 0.125000 0.750000
vt 0.875000 0.500000
vt 0.875000 0.750000
s 0
usemtl boss_energy_grid
f 581/1159/296 582/1160/296 584/1161/296 583/1162/296
f 583/1162/297 584/1161/297 588/1163/297 587/1164/297
f 587/1164/298 588/1163/298 586/1165/298 585/1166/298
f 585/1166/299 586/1165/299 582/1167/299 581/1168/299
f 583/1169/300 587/1164/300 585/1166/300 581/1170/300
f 588/1163/301 584/1171/301 582/1172/301 586/1165/301
o boss_runway_grid_z_-36
v -36.060001 -36.000000 0.730000
v -36.060001 36.000000 0.730000
v -36.060001 -36.000000 0.650000
v -36.060001 36.000000 0.650000
v -35.939999 -36.000000 0.730000
v -35.939999 36.000000 0.730000
v -35.939999 -36.000000 0.650000
v -35.939999 36.000000 0.650000
vn -1.0000 -0.0000 -0.0000
vn -0.0000 -0.0000 -1.0000
vn 1.0000 -0.0000 -0.0000
vn -0.0000 -0.0000 1.0000
vn -0.0000 -1.0000 -0.0000
vn -0.0000 1.0000 -0.0000
vt 0.375000 0.000000
vt 0.625000 0.000000
vt 0.625000 0.250000
vt 0.375000 0.250000
vt 0.625000 0.500000
vt 0.375000 0.500000
vt 0.625000 0.750000
vt 0.375000 0.750000
vt 0.625000 1.000000
vt 0.375000 1.000000
vt 0.125000 0.500000
vt 0.125000 0.750000
vt 0.875000 0.500000
vt 0.875000 0.750000
s 0
usemtl boss_energy_grid
f 589/1173/302 590/1174/302 592/1175/302 591/1176/302
f 591/1176/303 592/1175/303 596/1177/303 595/1178/303
f 595/1178/304 596/1177/304 594/1179/304 593/1180/304
f 593/1180/305 594/1179/305 590/1181/305 589/1182/305
f 591/1183/306 595/1178/306 593/1180/306 589/1184/306
f 596/1177/307 592/1185/307 590/1186/307 594/1179/307
o boss_runway_grid_x_-18
v -36.000000 -18.059999 0.740000
v -36.000000 -17.940001 0.740000
v -36.000000 -18.059999 0.660000
v -36.000000 -17.940001 0.660000
v 36.000000 -18.059999 0.740000
v 36.000000 -17.940001 0.740000
v 36.000000 -18.059999 0.660000
v 36.000000 -17.940001 0.660000
vn -1.0000 -0.0000 -0.0000
vn -0.0000 -0.0000 -1.0000
vn 1.0000 -0.0000 -0.0000
vn -0.0000 -0.0000 1.0000
vn -0.0000 -1.0000 -0.0000
vn -0.0000 1.0000 -0.0000
vt 0.375000 0.000000
vt 0.625000 0.000000
vt 0.625000 0.250000
vt 0.375000 0.250000
vt 0.625000 0.500000
vt 0.375000 0.500000
vt 0.625000 0.750000
vt 0.375000 0.750000
vt 0.625000 1.000000
vt 0.375000 1.000000
vt 0.125000 0.500000
vt 0.125000 0.750000
vt 0.875000 0.500000
vt 0.875000 0.750000
s 0
usemtl boss_energy_grid
f 597/1187/308 598/1188/308 600/1189/308 599/1190/308
f 599/1190/309 600/1189/309 604/1191/309 603/1192/309
f 603/1192/310 604/1191/310 602/1193/310 601/1194/310
f 601/1194/311 602/1193/311 598/1195/311 597/1196/311
f 599/1197/312 603/1192/312 601/1194/312 597/1198/312
f 604/1191/313 600/1199/313 598/1200/313 602/1193/313
o boss_runway_grid_z_-18
v -18.059999 -36.000000 0.730000
v -18.059999 36.000000 0.730000
v -18.059999 -36.000000 0.650000
v -18.059999 36.000000 0.650000
v -17.940001 -36.000000 0.730000
v -17.940001 36.000000 0.730000
v -17.940001 -36.000000 0.650000
v -17.940001 36.000000 0.650000
vn -1.0000 -0.0000 -0.0000
vn -0.0000 -0.0000 -1.0000
vn 1.0000 -0.0000 -0.0000
vn -0.0000 -0.0000 1.0000
vn -0.0000 -1.0000 -0.0000
vn -0.0000 1.0000 -0.0000
vt 0.375000 0.000000
vt 0.625000 0.000000
vt 0.625000 0.250000
vt 0.375000 0.250000
vt 0.625000 0.500000
vt 0.375000 0.500000
vt 0.625000 0.750000
vt 0.375000 0.750000
vt 0.625000 1.000000
vt 0.375000 1.000000
vt 0.125000 0.500000
vt 0.125000 0.750000
vt 0.875000 0.500000
vt 0.875000 0.750000
s 0
usemtl boss_energy_grid
f 605/1201/314 606/1202/314 608/1203/314 607/1204/314
f 607/1204/315 608/1203/315 612/1205/315 611/1206/315
f 611/1206/316 612/1205/316 610/1207/316 609/1208/316
f 609/1208/317 610/1207/317 606/1209/317 605/1210/317
f 607/1211/318 611/1206/318 609/1208/318 605/1212/318
f 612/1205/319 608/1213/319 606/1214/319 610/1207/319
o boss_runway_grid_x_0
v -36.000000 -0.060000 0.740000
v -36.000000 0.060000 0.740000
v -36.000000 -0.060000 0.660000
v -36.000000 0.060000 0.660000
v 36.000000 -0.060000 0.740000
v 36.000000 0.060000 0.740000
v 36.000000 -0.060000 0.660000
v 36.000000 0.060000 0.660000
vn -1.0000 -0.0000 -0.0000
vn -0.0000 -0.0000 -1.0000
vn 1.0000 -0.0000 -0.0000
vn -0.0000 -0.0000 1.0000
vn -0.0000 -1.0000 -0.0000
vn -0.0000 1.0000 -0.0000
vt 0.375000 0.000000
vt 0.625000 0.000000
vt 0.625000 0.250000
vt 0.375000 0.250000
vt 0.625000 0.500000
vt 0.375000 0.500000
vt 0.625000 0.750000
vt 0.375000 0.750000
vt 0.625000 1.000000
vt 0.375000 1.000000
vt 0.125000 0.500000
vt 0.125000 0.750000
vt 0.875000 0.500000
vt 0.875000 0.750000
s 0
usemtl boss_energy_grid
f 613/1215/320 614/1216/320 616/1217/320 615/1218/320
f 615/1218/321 616/1217/321 620/1219/321 619/1220/321
f 619/1220/322 620/1219/322 618/1221/322 617/1222/322
f 617/1222/323 618/1221/323 614/1223/323 613/1224/323
f 615/1225/324 619/1220/324 617/1222/324 613/1226/324
f 620/1219/325 616/1227/325 614/1228/325 618/1221/325
o boss_runway_grid_z_0
v -0.060000 -36.000000 0.730000
v -0.060000 36.000000 0.730000
v -0.060000 -36.000000 0.650000
v -0.060000 36.000000 0.650000
v 0.060000 -36.000000 0.730000
v 0.060000 36.000000 0.730000
v 0.060000 -36.000000 0.650000
v 0.060000 36.000000 0.650000
vn -1.0000 -0.0000 -0.0000
vn -0.0000 -0.0000 -1.0000
vn 1.0000 -0.0000 -0.0000
vn -0.0000 -0.0000 1.0000
vn -0.0000 -1.0000 -0.0000
vn -0.0000 1.0000 -0.0000
vt 0.375000 0.000000
vt 0.625000 0.000000
vt 0.625000 0.250000
vt 0.375000 0.250000
vt 0.625000 0.500000
vt 0.375000 0.500000
vt 0.625000 0.750000
vt 0.375000 0.750000
vt 0.625000 1.000000
vt 0.375000 1.000000
vt 0.125000 0.500000
vt 0.125000 0.750000
vt 0.875000 0.500000
vt 0.875000 0.750000
s 0
usemtl boss_energy_grid
f 621/1229/326 622/1230/326 624/1231/326 623/1232/326
f 623/1232/327 624/1231/327 628/1233/327 627/1234/327
f 627/1234/328 628/1233/328 626/1235/328 625/1236/328
f 625/1236/329 626/1235/329 622/1237/329 621/1238/329
f 623/1239/330 627/1234/330 625/1236/330 621/1240/330
f 628/1233/331 624/1241/331 622/1242/331 626/1235/331
o boss_runway_grid_x_18
v -36.000000 17.940001 0.740000
v -36.000000 18.059999 0.740000
v -36.000000 17.940001 0.660000
v -36.000000 18.059999 0.660000
v 36.000000 17.940001 0.740000
v 36.000000 18.059999 0.740000
v 36.000000 17.940001 0.660000
v 36.000000 18.059999 0.660000
vn -1.0000 -0.0000 -0.0000
vn -0.0000 -0.0000 -1.0000
vn 1.0000 -0.0000 -0.0000
vn -0.0000 -0.0000 1.0000
vn -0.0000 -1.0000 -0.0000
vn -0.0000 1.0000 -0.0000
vt 0.375000 0.000000
vt 0.625000 0.000000
vt 0.625000 0.250000
vt 0.375000 0.250000
vt 0.625000 0.500000
vt 0.375000 0.500000
vt 0.625000 0.750000
vt 0.375000 0.750000
vt 0.625000 1.000000
vt 0.375000 1.000000
vt 0.125000 0.500000
vt 0.125000 0.750000
vt 0.875000 0.500000
vt 0.875000 0.750000
s 0
usemtl boss_energy_grid
f 629/1243/332 630/1244/332 632/1245/332 631/1246/332
f 631/1246/333 632/1245/333 636/1247/333 635/1248/333
f 635/1248/334 636/1247/334 634/1249/334 633/1250/334
f 633/1250/335 634/1249/335 630/1251/335 629/1252/335
f 631/1253/336 635/1248/336 633/1250/336 629/1254/336
f 636/1247/337 632/1255/337 630/1256/337 634/1249/337
o boss_runway_grid_z_18
v 17.940001 -36.000000 0.730000
v 17.940001 36.000000 0.730000
v 17.940001 -36.000000 0.650000
v 17.940001 36.000000 0.650000
v 18.059999 -36.000000 0.730000
v 18.059999 36.000000 0.730000
v 18.059999 -36.000000 0.650000
v 18.059999 36.000000 0.650000
vn -1.0000 -0.0000 -0.0000
vn -0.0000 -0.0000 -1.0000
vn 1.0000 -0.0000 -0.0000
vn -0.0000 -0.0000 1.0000
vn -0.0000 -1.0000 -0.0000
vn -0.0000 1.0000 -0.0000
vt 0.375000 0.000000
vt 0.625000 0.000000
vt 0.625000 0.250000
vt 0.375000 0.250000
vt 0.625000 0.500000
vt 0.375000 0.500000
vt 0.625000 0.750000
vt 0.375000 0.750000
vt 0.625000 1.000000
vt 0.375000 1.000000
vt 0.125000 0.500000
vt 0.125000 0.750000
vt 0.875000 0.500000
vt 0.875000 0.750000
s 0
usemtl boss_energy_grid
f 637/1257/338 638/1258/338 640/1259/338 639/1260/338
f 639/1260/339 640/1259/339 644/1261/339 643/1262/339
f 643/1262/340 644/1261/340 642/1263/340 641/1264/340
f 641/1264/341 642/1263/341 638/1265/341 637/1266/341
f 639/1267/342 643/1262/342 641/1264/342 637/1268/342
f 644/1261/343 640/1269/343 638/1270/343 642/1263/343
o boss_runway_grid_x_36
v -36.000000 35.939999 0.740000
v -36.000000 36.060001 0.740000
v -36.000000 35.939999 0.660000
v -36.000000 36.060001 0.660000
v 36.000000 35.939999 0.740000
v 36.000000 36.060001 0.740000
v 36.000000 35.939999 0.660000
v 36.000000 36.060001 0.660000
vn -1.0000 -0.0000 -0.0000
vn -0.0000 -0.0000 -1.0000
vn 1.0000 -0.0000 -0.0000
vn -0.0000 -0.0000 1.0000
vn -0.0000 -1.0000 -0.0000
vn -0.0000 1.0000 -0.0000
vt 0.375000 0.000000
vt 0.625000 0.000000
vt 0.625000 0.250000
vt 0.375000 0.250000
vt 0.625000 0.500000
vt 0.375000 0.500000
vt 0.625000 0.750000
vt 0.375000 0.750000
vt 0.625000 1.000000
vt 0.375000 1.000000
vt 0.125000 0.500000
vt 0.125000 0.750000
vt 0.875000 0.500000
vt 0.875000 0.750000
s 0
usemtl boss_energy_grid
f 645/1271/344 646/1272/344 648/1273/344 647/1274/344
f 647/1274/345 648/1273/345 652/1275/345 651/1276/345
f 651/1276/346 652/1275/346 650/1277/346 649/1278/346
f 649/1278/347 650/1277/347 646/1279/347 645/1280/347
f 647/1281/348 651/1276/348 649/1278/348 645/1282/348
f 652/1275/349 648/1283/349 646/1284/349 650/1277/349
o boss_runway_grid_z_36
v 35.939999 -36.000000 0.730000
v 35.939999 36.000000 0.730000
v 35.939999 -36.000000 0.650000
v 35.939999 36.000000 0.650000
v 36.060001 -36.000000 0.730000
v 36.060001 36.000000 0.730000
v 36.060001 -36.000000 0.650000
v 36.060001 36.000000 0.650000
vn -1.0000 -0.0000 -0.0000
vn -0.0000 -0.0000 -1.0000
vn 1.0000 -0.0000 -0.0000
vn -0.0000 -0.0000 1.0000
vn -0.0000 -1.0000 -0.0000
vn -0.0000 1.0000 -0.0000
vt 0.375000 0.000000
vt 0.625000 0.000000
vt 0.625000 0.250000
vt 0.375000 0.250000
vt 0.625000 0.500000
vt 0.375000 0.500000
vt 0.625000 0.750000
vt 0.375000 0.750000
vt 0.625000 1.000000
vt 0.375000 1.000000
vt 0.125000 0.500000
vt 0.125000 0.750000
vt 0.875000 0.500000
vt 0.875000 0.750000
s 0
usemtl boss_energy_grid
f 653/1285/350 654/1286/350 656/1287/350 655/1288/350
f 655/1288/351 656/1287/351 660/1289/351 659/1290/351
f 659/1290/352 660/1289/352 658/1291/352 657/1292/352
f 657/1292/353 658/1291/353 654/1293/353 653/1294/353
f 655/1295/354 659/1290/354 657/1292/354 653/1296/354
f 660/1289/355 656/1297/355 654/1298/355 658/1291/355
o boss_warning_beacon_-30
v -30.000000 26.500000 -0.550000
v -30.000000 29.500000 -0.550000
v -29.830040 26.500000 -0.523081
v -29.830040 29.500000 -0.523081
v -29.676718 26.500000 -0.444959
v -29.676718 29.500000 -0.444959
v -29.555040 26.500000 -0.323282
v -29.555040 29.500000 -0.323282
v -29.476919 26.500000 -0.169959
v -29.476919 29.500000 -0.169959
v -29.450001 26.500000 0.000000
v -29.450001 29.500000 0.000000
v -29.476919 26.500000 0.169959
v -29.476919 29.500000 0.169959
v -29.555040 26.500000 0.323282
v -29.555040 29.500000 0.323282
v -29.676718 26.500000 0.444959
v -29.676718 29.500000 0.444959
v -29.830040 26.500000 0.523081
v -29.830040 29.500000 0.523081
v -30.000000 26.500000 0.550000
v -30.000000 29.500000 0.550000
v -30.169960 26.500000 0.523081
v -30.169960 29.500000 0.523081
v -30.323282 26.500000 0.444959
v -30.323282 29.500000 0.444959
v -30.444960 26.500000 0.323282
v -30.444960 29.500000 0.323282
v -30.523081 26.500000 0.169959
v -30.523081 29.500000 0.169959
v -30.549999 26.500000 0.000000
v -30.549999 29.500000 0.000000
v -30.523081 26.500000 -0.169959
v -30.523081 29.500000 -0.169959
v -30.444960 26.500000 -0.323282
v -30.444960 29.500000 -0.323282
v -30.323282 26.500000 -0.444959
v -30.323282 29.500000 -0.444959
v -30.169960 26.500000 -0.523081
v -30.169960 29.500000 -0.523081
vn 0.1564 -0.0000 -0.9877
vn 0.4540 -0.0000 -0.8910
vn 0.7071 -0.0000 -0.7071
vn 0.8910 -0.0000 -0.4540
vn 0.9877 -0.0000 -0.1564
vn 0.9877 -0.0000 0.1564
vn 0.8910 -0.0000 0.4540
vn 0.7071 -0.0000 0.7071
vn 0.4540 -0.0000 0.8910
vn 0.1564 -0.0000 0.9877
vn -0.1564 -0.0000 0.9877
vn -0.4540 -0.0000 0.8910
vn -0.7071 -0.0000 0.7071
vn -0.8910 -0.0000 0.4540
vn -0.9877 -0.0000 0.1564
vn -0.9877 -0.0000 -0.1564
vn -0.8910 -0.0000 -0.4540
vn -0.7071 -0.0000 -0.7071
vn -0.0000 1.0000 -0.0000
vn -0.4540 -0.0000 -0.8910
vn -0.1564 -0.0000 -0.9877
vn -0.0000 -1.0000 -0.0000
vt 1.000000 0.500000
vt 1.000000 1.000000
vt 0.950000 1.000000
vt 0.950000 0.500000
vt 0.900000 1.000000
vt 0.900000 0.500000
vt 0.850000 1.000000
vt 0.850000 0.500000
vt 0.800000 1.000000
vt 0.800000 0.500000
vt 0.750000 1.000000
vt 0.750000 0.500000
vt 0.700000 1.000000
vt 0.700000 0.500000
vt 0.650000 1.000000
vt 0.650000 0.500000
vt 0.600000 1.000000
vt 0.600000 0.500000
vt 0.550000 1.000000
vt 0.550000 0.500000
vt 0.500000 1.000000
vt 0.500000 0.500000
vt 0.450000 1.000000
vt 0.450000 0.500000
vt 0.400000 1.000000
vt 0.400000 0.500000
vt 0.350000 1.000000
vt 0.350000 0.500000
vt 0.300000 1.000000
vt 0.300000 0.500000
vt 0.250000 1.000000
vt 0.250000 0.500000
vt 0.200000 1.000000
vt 0.200000 0.500000
vt 0.150000 1.000000
vt 0.150000 0.500000
vt 0.100000 1.000000
vt 0.100000 0.500000
vt 0.324164 0.478254
vt 0.250000 0.490000
vt 0.175836 0.478254
vt 0.108932 0.444164
vt 0.055836 0.391068
vt 0.021746 0.324164
vt 0.010000 0.250000
vt 0.021746 0.175836
vt 0.055836 0.108932
vt 0.108932 0.055836
vt 0.175836 0.021746
vt 0.250000 0.010000
vt 0.324164 0.021746
vt 0.391068 0.055836
vt 0.444164 0.108932
vt 0.478254 0.175836
vt 0.490000 0.250000
vt 0.478254 0.324164
vt 0.444164 0.391068
vt 0.391068 0.444164
vt 0.050000 1.000000
vt 0.050000 0.500000
vt -0.000000 1.000000
vt -0.000000 0.500000
vt 0.750000 0.490000
vt 0.824164 0.478254
vt 0.891068 0.444164
vt 0.944164 0.391068
vt 0.978254 0.324164
vt 0.990000 0.250000
vt 0.978254 0.175836
vt 0.944164 0.108932
vt 0.891068 0.055836
vt 0.824164 0.021746
vt 0.750000 0.010000
vt 0.675836 0.021746
vt 0.608932 0.055836
vt 0.555836 0.108932
vt 0.521746 0.175836
vt 0.510000 0.250000
vt 0.521746 0.324164
vt 0.555836 0.391068
vt 0.608932 0.444164
vt 0.675836 0.478254
s 0
usemtl boss_warning_red
f 661/1299/356 662/1300/356 664/1301/356 663/1302/356
f 663/1302/357 664/1301/357 666/1303/357 665/1304/357
f 665/1304/358 666/1303/358 668/1305/358 667/1306/358
f 667/1306/359 668/1305/359 670/1307/359 669/1308/359
f 669/1308/360 670/1307/360 672/1309/360 671/1310/360
f 671/1310/361 672/1309/361 674/1311/361 673/1312/361
f 673/1312/362 674/1311/362 676/1313/362 675/1314/362
f 675/1314/363 676/1313/363 678/1315/363 677/1316/363
f 677/1316/364 678/1315/364 680/1317/364 679/1318/364
f 679/1318/365 680/1317/365 682/1319/365 681/1320/365
f 681/1320/366 682/1319/366 684/1321/366 683/1322/366
f 683/1322/367 684/1321/367 686/1323/367 685/1324/367
f 685/1324/368 686/1323/368 688/1325/368 687/1326/368
f 687/1326/369 688/1325/369 690/1327/369 689/1328/369
f 689/1328/370 690/1327/370 692/1329/370 691/1330/370
f 691/1330/371 692/1329/371 694/1331/371 693/1332/371
f 693/1332/372 694/1331/372 696/1333/372 695/1334/372
f 695/1334/373 696/1333/373 698/1335/373 697/1336/373
f 664/1337/374 662/1338/374 700/1339/374 698/1340/374 696/1341/374 694/1342/374 692/1343/374 690/1344/374 688/1345/374 686/1346/374 684/1347/374 682/1348/374 680/1349/374 678/1350/374 676/1351/374 674/1352/374 672/1353/374 670/1354/374 668/1355/374 666/1356/374
f 697/1336/375 698/1335/375 700/1357/375 699/1358/375
f 699/1358/376 700/1357/376 662/1359/376 661/1360/376
f 661/1361/377 663/1362/377 665/1363/377 667/1364/377 669/1365/377 671/1366/377 673/1367/377 675/1368/377 677/1369/377 679/1370/377 681/1371/377 683/1372/377 685/1373/377 687/1374/377 689/1375/377 691/1376/377 693/1377/377 695/1378/377 697/1379/377 699/1380/377
o boss_warning_beacon_back_-30
v -30.000000 -29.500000 -0.550000
v -30.000000 -26.500000 -0.550000
v -29.830040 -29.500000 -0.523081
v -29.830040 -26.500000 -0.523081
v -29.676718 -29.500000 -0.444959
v -29.676718 -26.500000 -0.444959
v -29.555040 -29.500000 -0.323282
v -29.555040 -26.500000 -0.323282
v -29.476919 -29.500000 -0.169959
v -29.476919 -26.500000 -0.169959
v -29.450001 -29.500000 0.000000
v -29.450001 -26.500000 0.000000
v -29.476919 -29.500000 0.169959
v -29.476919 -26.500000 0.169959
v -29.555040 -29.500000 0.323282
v -29.555040 -26.500000 0.323282
v -29.676718 -29.500000 0.444959
v -29.676718 -26.500000 0.444959
v -29.830040 -29.500000 0.523081
v -29.830040 -26.500000 0.523081
v -30.000000 -29.500000 0.550000
v -30.000000 -26.500000 0.550000
v -30.169960 -29.500000 0.523081
v -30.169960 -26.500000 0.523081
v -30.323282 -29.500000 0.444959
v -30.323282 -26.500000 0.444959
v -30.444960 -29.500000 0.323282
v -30.444960 -26.500000 0.323282
v -30.523081 -29.500000 0.169959
v -30.523081 -26.500000 0.169959
v -30.549999 -29.500000 0.000000
v -30.549999 -26.500000 0.000000
v -30.523081 -29.500000 -0.169959
v -30.523081 -26.500000 -0.169959
v -30.444960 -29.500000 -0.323282
v -30.444960 -26.500000 -0.323282
v -30.323282 -29.500000 -0.444959
v -30.323282 -26.500000 -0.444959
v -30.169960 -29.500000 -0.523081
v -30.169960 -26.500000 -0.523081
vn 0.1564 -0.0000 -0.9877
vn 0.4540 -0.0000 -0.8910
vn 0.7071 -0.0000 -0.7071
vn 0.8910 -0.0000 -0.4540
vn 0.9877 -0.0000 -0.1564
vn 0.9877 -0.0000 0.1564
vn 0.8910 -0.0000 0.4540
vn 0.7071 -0.0000 0.7071
vn 0.4540 -0.0000 0.8910
vn 0.1564 -0.0000 0.9877
vn -0.1564 -0.0000 0.9877
vn -0.4540 -0.0000 0.8910
vn -0.7071 -0.0000 0.7071
vn -0.8910 -0.0000 0.4540
vn -0.9877 -0.0000 0.1564
vn -0.9877 -0.0000 -0.1564
vn -0.8910 -0.0000 -0.4540
vn -0.7071 -0.0000 -0.7071
vn -0.0000 1.0000 -0.0000
vn -0.4540 -0.0000 -0.8910
vn -0.1564 -0.0000 -0.9877
vn -0.0000 -1.0000 -0.0000
vt 1.000000 0.500000
vt 1.000000 1.000000
vt 0.950000 1.000000
vt 0.950000 0.500000
vt 0.900000 1.000000
vt 0.900000 0.500000
vt 0.850000 1.000000
vt 0.850000 0.500000
vt 0.800000 1.000000
vt 0.800000 0.500000
vt 0.750000 1.000000
vt 0.750000 0.500000
vt 0.700000 1.000000
vt 0.700000 0.500000
vt 0.650000 1.000000
vt 0.650000 0.500000
vt 0.600000 1.000000
vt 0.600000 0.500000
vt 0.550000 1.000000
vt 0.550000 0.500000
vt 0.500000 1.000000
vt 0.500000 0.500000
vt 0.450000 1.000000
vt 0.450000 0.500000
vt 0.400000 1.000000
vt 0.400000 0.500000
vt 0.350000 1.000000
vt 0.350000 0.500000
vt 0.300000 1.000000
vt 0.300000 0.500000
vt 0.250000 1.000000
vt 0.250000 0.500000
vt 0.200000 1.000000
vt 0.200000 0.500000
vt 0.150000 1.000000
vt 0.150000 0.500000
vt 0.100000 1.000000
vt 0.100000 0.500000
vt 0.324164 0.478254
vt 0.250000 0.490000
vt 0.175836 0.478254
vt 0.108932 0.444164
vt 0.055836 0.391068
vt 0.021746 0.324164
vt 0.010000 0.250000
vt 0.021746 0.175836
vt 0.055836 0.108932
vt 0.108932 0.055836
vt 0.175836 0.021746
vt 0.250000 0.010000
vt 0.324164 0.021746
vt 0.391068 0.055836
vt 0.444164 0.108932
vt 0.478254 0.175836
vt 0.490000 0.250000
vt 0.478254 0.324164
vt 0.444164 0.391068
vt 0.391068 0.444164
vt 0.050000 1.000000
vt 0.050000 0.500000
vt -0.000000 1.000000
vt -0.000000 0.500000
vt 0.750000 0.490000
vt 0.824164 0.478254
vt 0.891068 0.444164
vt 0.944164 0.391068
vt 0.978254 0.324164
vt 0.990000 0.250000
vt 0.978254 0.175836
vt 0.944164 0.108932
vt 0.891068 0.055836
vt 0.824164 0.021746
vt 0.750000 0.010000
vt 0.675836 0.021746
vt 0.608932 0.055836
vt 0.555836 0.108932
vt 0.521746 0.175836
vt 0.510000 0.250000
vt 0.521746 0.324164
vt 0.555836 0.391068
vt 0.608932 0.444164
vt 0.675836 0.478254
s 0
usemtl boss_warning_red
f 701/1381/378 702/1382/378 704/1383/378 703/1384/378
f 703/1384/379 704/1383/379 706/1385/379 705/1386/379
f 705/1386/380 706/1385/380 708/1387/380 707/1388/380
f 707/1388/381 708/1387/381 710/1389/381 709/1390/381
f 709/1390/382 710/1389/382 712/1391/382 711/1392/382
f 711/1392/383 712/1391/383 714/1393/383 713/1394/383
f 713/1394/384 714/1393/384 716/1395/384 715/1396/384
f 715/1396/385 716/1395/385 718/1397/385 717/1398/385
f 717/1398/386 718/1397/386 720/1399/386 719/1400/386
f 719/1400/387 720/1399/387 722/1401/387 721/1402/387
f 721/1402/388 722/1401/388 724/1403/388 723/1404/388
f 723/1404/389 724/1403/389 726/1405/389 725/1406/389
f 725/1406/390 726/1405/390 728/1407/390 727/1408/390
f 727/1408/391 728/1407/391 730/1409/391 729/1410/391
f 729/1410/392 730/1409/392 732/1411/392 731/1412/392
f 731/1412/393 732/1411/393 734/1413/393 733/1414/393
f 733/1414/394 734/1413/394 736/1415/394 735/1416/394
f 735/1416/395 736/1415/395 738/1417/395 737/1418/395
f 704/1419/396 702/1420/396 740/1421/396 738/1422/396 736/1423/396 734/1424/396 732/1425/396 730/1426/396 728/1427/396 726/1428/396 724/1429/396 722/1430/396 720/1431/396 718/1432/396 716/1433/396 714/1434/396 712/1435/396 710/1436/396 708/1437/396 706/1438/396
f 737/1418/397 738/1417/397 740/1439/397 739/1440/397
f 739/1440/398 740/1439/398 702/1441/398 701/1442/398
f 701/1443/399 703/1444/399 705/1445/399 707/1446/399 709/1447/399 711/1448/399 713/1449/399 715/1450/399 717/1451/399 719/1452/399 721/1453/399 723/1454/399 725/1455/399 727/1456/399 729/1457/399 731/1458/399 733/1459/399 735/1460/399 737/1461/399 739/1462/399
o boss_warning_beacon_-15
v -15.000000 26.500000 -0.550000
v -15.000000 29.500000 -0.550000
v -14.830041 26.500000 -0.523081
v -14.830041 29.500000 -0.523081
v -14.676718 26.500000 -0.444959
v -14.676718 29.500000 -0.444959
v -14.555040 26.500000 -0.323282
v -14.555040 29.500000 -0.323282
v -14.476919 26.500000 -0.169959
v -14.476919 29.500000 -0.169959
v -14.450000 26.500000 0.000000
v -14.450000 29.500000 0.000000
v -14.476919 26.500000 0.169959
v -14.476919 29.500000 0.169959
v -14.555040 26.500000 0.323282
v -14.555040 29.500000 0.323282
v -14.676718 26.500000 0.444959
v -14.676718 29.500000 0.444959
v -14.830041 26.500000 0.523081
v -14.830041 29.500000 0.523081
v -15.000000 26.500000 0.550000
v -15.000000 29.500000 0.550000
v -15.169959 26.500000 0.523081
v -15.169959 29.500000 0.523081
v -15.323282 26.500000 0.444959
v -15.323282 29.500000 0.444959
v -15.444960 26.500000 0.323282
v -15.444960 29.500000 0.323282
v -15.523081 26.500000 0.169959
v -15.523081 29.500000 0.169959
v -15.550000 26.500000 0.000000
v -15.550000 29.500000 0.000000
v -15.523081 26.500000 -0.169959
v -15.523081 29.500000 -0.169959
v -15.444960 26.500000 -0.323282
v -15.444960 29.500000 -0.323282
v -15.323282 26.500000 -0.444959
v -15.323282 29.500000 -0.444959
v -15.169959 26.500000 -0.523081
v -15.169959 29.500000 -0.523081
vn 0.1564 -0.0000 -0.9877
vn 0.4540 -0.0000 -0.8910
vn 0.7071 -0.0000 -0.7071
vn 0.8910 -0.0000 -0.4540
vn 0.9877 -0.0000 -0.1564
vn 0.9877 -0.0000 0.1564
vn 0.8910 -0.0000 0.4540
vn 0.7071 -0.0000 0.7071
vn 0.4540 -0.0000 0.8910
vn 0.1564 -0.0000 0.9877
vn -0.1564 -0.0000 0.9877
vn -0.4540 -0.0000 0.8910
vn -0.7071 -0.0000 0.7071
vn -0.8910 -0.0000 0.4540
vn -0.9877 -0.0000 0.1564
vn -0.9877 -0.0000 -0.1564
vn -0.8910 -0.0000 -0.4540
vn -0.7071 -0.0000 -0.7071
vn -0.0000 1.0000 -0.0000
vn -0.4540 -0.0000 -0.8910
vn -0.1564 -0.0000 -0.9877
vn -0.0000 -1.0000 -0.0000
vt 1.000000 0.500000
vt 1.000000 1.000000
vt 0.950000 1.000000
vt 0.950000 0.500000
vt 0.900000 1.000000
vt 0.900000 0.500000
vt 0.850000 1.000000
vt 0.850000 0.500000
vt 0.800000 1.000000
vt 0.800000 0.500000
vt 0.750000 1.000000
vt 0.750000 0.500000
vt 0.700000 1.000000
vt 0.700000 0.500000
vt 0.650000 1.000000
vt 0.650000 0.500000
vt 0.600000 1.000000
vt 0.600000 0.500000
vt 0.550000 1.000000
vt 0.550000 0.500000
vt 0.500000 1.000000
vt 0.500000 0.500000
vt 0.450000 1.000000
vt 0.450000 0.500000
vt 0.400000 1.000000
vt 0.400000 0.500000
vt 0.350000 1.000000
vt 0.350000 0.500000
vt 0.300000 1.000000
vt 0.300000 0.500000
vt 0.250000 1.000000
vt 0.250000 0.500000
vt 0.200000 1.000000
vt 0.200000 0.500000
vt 0.150000 1.000000
vt 0.150000 0.500000
vt 0.100000 1.000000
vt 0.100000 0.500000
vt 0.324164 0.478254
vt 0.250000 0.490000
vt 0.175836 0.478254
vt 0.108932 0.444164
vt 0.055836 0.391068
vt 0.021746 0.324164
vt 0.010000 0.250000
vt 0.021746 0.175836
vt 0.055836 0.108932
vt 0.108932 0.055836
vt 0.175836 0.021746
vt 0.250000 0.010000
vt 0.324164 0.021746
vt 0.391068 0.055836
vt 0.444164 0.108932
vt 0.478254 0.175836
vt 0.490000 0.250000
vt 0.478254 0.324164
vt 0.444164 0.391068
vt 0.391068 0.444164
vt 0.050000 1.000000
vt 0.050000 0.500000
vt -0.000000 1.000000
vt -0.000000 0.500000
vt 0.750000 0.490000
vt 0.824164 0.478254
vt 0.891068 0.444164
vt 0.944164 0.391068
vt 0.978254 0.324164
vt 0.990000 0.250000
vt 0.978254 0.175836
vt 0.944164 0.108932
vt 0.891068 0.055836
vt 0.824164 0.021746
vt 0.750000 0.010000
vt 0.675836 0.021746
vt 0.608932 0.055836
vt 0.555836 0.108932
vt 0.521746 0.175836
vt 0.510000 0.250000
vt 0.521746 0.324164
vt 0.555836 0.391068
vt 0.608932 0.444164
vt 0.675836 0.478254
s 0
usemtl boss_warning_red
f 741/1463/400 742/1464/400 744/1465/400 743/1466/400
f 743/1466/401 744/1465/401 746/1467/401 745/1468/401
f 745/1468/402 746/1467/402 748/1469/402 747/1470/402
f 747/1470/403 748/1469/403 750/1471/403 749/1472/403
f 749/1472/404 750/1471/404 752/1473/404 751/1474/404
f 751/1474/405 752/1473/405 754/1475/405 753/1476/405
f 753/1476/406 754/1475/406 756/1477/406 755/1478/406
f 755/1478/407 756/1477/407 758/1479/407 757/1480/407
f 757/1480/408 758/1479/408 760/1481/408 759/1482/408
f 759/1482/409 760/1481/409 762/1483/409 761/1484/409
f 761/1484/410 762/1483/410 764/1485/410 763/1486/410
f 763/1486/411 764/1485/411 766/1487/411 765/1488/411
f 765/1488/412 766/1487/412 768/1489/412 767/1490/412
f 767/1490/413 768/1489/413 770/1491/413 769/1492/413
f 769/1492/414 770/1491/414 772/1493/414 771/1494/414
f 771/1494/415 772/1493/415 774/1495/415 773/1496/415
f 773/1496/416 774/1495/416 776/1497/416 775/1498/416
f 775/1498/417 776/1497/417 778/1499/417 777/1500/417
f 744/1501/418 742/1502/418 780/1503/418 778/1504/418 776/1505/418 774/1506/418 772/1507/418 770/1508/418 768/1509/418 766/1510/418 764/1511/418 762/1512/418 760/1513/418 758/1514/418 756/1515/418 754/1516/418 752/1517/418 750/1518/418 748/1519/418 746/1520/418
f 777/1500/419 778/1499/419 780/1521/419 779/1522/419
f 779/1522/420 780/1521/420 742/1523/420 741/1524/420
f 741/1525/421 743/1526/421 745/1527/421 747/1528/421 749/1529/421 751/1530/421 753/1531/421 755/1532/421 757/1533/421 759/1534/421 761/1535/421 763/1536/421 765/1537/421 767/1538/421 769/1539/421 771/1540/421 773/1541/421 775/1542/421 777/1543/421 779/1544/421
o boss_warning_beacon_back_-15
v -15.000000 -29.500000 -0.550000
v -15.000000 -26.500000 -0.550000
v -14.830041 -29.500000 -0.523081
v -14.830041 -26.500000 -0.523081
v -14.676718 -29.500000 -0.444959
v -14.676718 -26.500000 -0.444959
v -14.555040 -29.500000 -0.323282
v -14.555040 -26.500000 -0.323282
v -14.476919 -29.500000 -0.169959
v -14.476919 -26.500000 -0.169959
v -14.450000 -29.500000 0.000000
v -14.450000 -26.500000 0.000000
v -14.476919 -29.500000 0.169959
v -14.476919 -26.500000 0.169959
v -14.555040 -29.500000 0.323282
v -14.555040 -26.500000 0.323282
v -14.676718 -29.500000 0.444959
v -14.676718 -26.500000 0.444959
v -14.830041 -29.500000 0.523081
v -14.830041 -26.500000 0.523081
v -15.000000 -29.500000 0.550000
v -15.000000 -26.500000 0.550000
v -15.169959 -29.500000 0.523081
v -15.169959 -26.500000 0.523081
v -15.323282 -29.500000 0.444959
v -15.323282 -26.500000 0.444959
v -15.444960 -29.500000 0.323282
v -15.444960 -26.500000 0.323282
v -15.523081 -29.500000 0.169959
v -15.523081 -26.500000 0.169959
v -15.550000 -29.500000 0.000000
v -15.550000 -26.500000 0.000000
v -15.523081 -29.500000 -0.169959
v -15.523081 -26.500000 -0.169959
v -15.444960 -29.500000 -0.323282
v -15.444960 -26.500000 -0.323282
v -15.323282 -29.500000 -0.444959
v -15.323282 -26.500000 -0.444959
v -15.169959 -29.500000 -0.523081
v -15.169959 -26.500000 -0.523081
vn 0.1564 -0.0000 -0.9877
vn 0.4540 -0.0000 -0.8910
vn 0.7071 -0.0000 -0.7071
vn 0.8910 -0.0000 -0.4540
vn 0.9877 -0.0000 -0.1564
vn 0.9877 -0.0000 0.1564
vn 0.8910 -0.0000 0.4540
vn 0.7071 -0.0000 0.7071
vn 0.4540 -0.0000 0.8910
vn 0.1564 -0.0000 0.9877
vn -0.1564 -0.0000 0.9877
vn -0.4540 -0.0000 0.8910
vn -0.7071 -0.0000 0.7071
vn -0.8910 -0.0000 0.4540
vn -0.9877 -0.0000 0.1564
vn -0.9877 -0.0000 -0.1564
vn -0.8910 -0.0000 -0.4540
vn -0.7071 -0.0000 -0.7071
vn -0.0000 1.0000 -0.0000
vn -0.4540 -0.0000 -0.8910
vn -0.1564 -0.0000 -0.9877
vn -0.0000 -1.0000 -0.0000
vt 1.000000 0.500000
vt 1.000000 1.000000
vt 0.950000 1.000000
vt 0.950000 0.500000
vt 0.900000 1.000000
vt 0.900000 0.500000
vt 0.850000 1.000000
vt 0.850000 0.500000
vt 0.800000 1.000000
vt 0.800000 0.500000
vt 0.750000 1.000000
vt 0.750000 0.500000
vt 0.700000 1.000000
vt 0.700000 0.500000
vt 0.650000 1.000000
vt 0.650000 0.500000
vt 0.600000 1.000000
vt 0.600000 0.500000
vt 0.550000 1.000000
vt 0.550000 0.500000
vt 0.500000 1.000000
vt 0.500000 0.500000
vt 0.450000 1.000000
vt 0.450000 0.500000
vt 0.400000 1.000000
vt 0.400000 0.500000
vt 0.350000 1.000000
vt 0.350000 0.500000
vt 0.300000 1.000000
vt 0.300000 0.500000
vt 0.250000 1.000000
vt 0.250000 0.500000
vt 0.200000 1.000000
vt 0.200000 0.500000
vt 0.150000 1.000000
vt 0.150000 0.500000
vt 0.100000 1.000000
vt 0.100000 0.500000
vt 0.324164 0.478254
vt 0.250000 0.490000
vt 0.175836 0.478254
vt 0.108932 0.444164
vt 0.055836 0.391068
vt 0.021746 0.324164
vt 0.010000 0.250000
vt 0.021746 0.175836
vt 0.055836 0.108932
vt 0.108932 0.055836
vt 0.175836 0.021746
vt 0.250000 0.010000
vt 0.324164 0.021746
vt 0.391068 0.055836
vt 0.444164 0.108932
vt 0.478254 0.175836
vt 0.490000 0.250000
vt 0.478254 0.324164
vt 0.444164 0.391068
vt 0.391068 0.444164
vt 0.050000 1.000000
vt 0.050000 0.500000
vt -0.000000 1.000000
vt -0.000000 0.500000
vt 0.750000 0.490000
vt 0.824164 0.478254
vt 0.891068 0.444164
vt 0.944164 0.391068
vt 0.978254 0.324164
vt 0.990000 0.250000
vt 0.978254 0.175836
vt 0.944164 0.108932
vt 0.891068 0.055836
vt 0.824164 0.021746
vt 0.750000 0.010000
vt 0.675836 0.021746
vt 0.608932 0.055836
vt 0.555836 0.108932
vt 0.521746 0.175836
vt 0.510000 0.250000
vt 0.521746 0.324164
vt 0.555836 0.391068
vt 0.608932 0.444164
vt 0.675836 0.478254
s 0
usemtl boss_warning_red
f 781/1545/422 782/1546/422 784/1547/422 783/1548/422
f 783/1548/423 784/1547/423 786/1549/423 785/1550/423
f 785/1550/424 786/1549/424 788/1551/424 787/1552/424
f 787/1552/425 788/1551/425 790/1553/425 789/1554/425
f 789/1554/426 790/1553/426 792/1555/426 791/1556/426
f 791/1556/427 792/1555/427 794/1557/427 793/1558/427
f 793/1558/428 794/1557/428 796/1559/428 795/1560/428
f 795/1560/429 796/1559/429 798/1561/429 797/1562/429
f 797/1562/430 798/1561/430 800/1563/430 799/1564/430
f 799/1564/431 800/1563/431 802/1565/431 801/1566/431
f 801/1566/432 802/1565/432 804/1567/432 803/1568/432
f 803/1568/433 804/1567/433 806/1569/433 805/1570/433
f 805/1570/434 806/1569/434 808/1571/434 807/1572/434
f 807/1572/435 808/1571/435 810/1573/435 809/1574/435
f 809/1574/436 810/1573/436 812/1575/436 811/1576/436
f 811/1576/437 812/1575/437 814/1577/437 813/1578/437
f 813/1578/438 814/1577/438 816/1579/438 815/1580/438
f 815/1580/439 816/1579/439 818/1581/439 817/1582/439
f 784/1583/440 782/1584/440 820/1585/440 818/1586/440 816/1587/440 814/1588/440 812/1589/440 810/1590/440 808/1591/440 806/1592/440 804/1593/440 802/1594/440 800/1595/440 798/1596/440 796/1597/440 794/1598/440 792/1599/440 790/1600/440 788/1601/440 786/1602/440
f 817/1582/441 818/1581/441 820/1603/441 819/1604/441
f 819/1604/442 820/1603/442 782/1605/442 781/1606/442
f 781/1607/443 783/1608/443 785/1609/443 787/1610/443 789/1611/443 791/1612/443 793/1613/443 795/1614/443 797/1615/443 799/1616/443 801/1617/443 803/1618/443 805/1619/443 807/1620/443 809/1621/443 811/1622/443 813/1623/443 815/1624/443 817/1625/443 819/1626/443
o boss_warning_beacon_15
v 15.000000 26.500000 -0.550000
v 15.000000 29.500000 -0.550000
v 15.169959 26.500000 -0.523081
v 15.169959 29.500000 -0.523081
v 15.323282 26.500000 -0.444959
v 15.323282 29.500000 -0.444959
v 15.444960 26.500000 -0.323282
v 15.444960 29.500000 -0.323282
v 15.523081 26.500000 -0.169959
v 15.523081 29.500000 -0.169959
v 15.550000 26.500000 0.000000
v 15.550000 29.500000 0.000000
v 15.523081 26.500000 0.169959
v 15.523081 29.500000 0.169959
v 15.444960 26.500000 0.323282
v 15.444960 29.500000 0.323282
v 15.323282 26.500000 0.444959
v 15.323282 29.500000 0.444959
v 15.169959 26.500000 0.523081
v 15.169959 29.500000 0.523081
v 15.000000 26.500000 0.550000
v 15.000000 29.500000 0.550000
v 14.830041 26.500000 0.523081
v 14.830041 29.500000 0.523081
v 14.676718 26.500000 0.444959
v 14.676718 29.500000 0.444959
v 14.555040 26.500000 0.323282
v 14.555040 29.500000 0.323282
v 14.476919 26.500000 0.169959
v 14.476919 29.500000 0.169959
v 14.450000 26.500000 0.000000
v 14.450000 29.500000 0.000000
v 14.476919 26.500000 -0.169959
v 14.476919 29.500000 -0.169959
v 14.555040 26.500000 -0.323282
v 14.555040 29.500000 -0.323282
v 14.676718 26.500000 -0.444959
v 14.676718 29.500000 -0.444959
v 14.830041 26.500000 -0.523081
v 14.830041 29.500000 -0.523081
vn 0.1564 -0.0000 -0.9877
vn 0.4540 -0.0000 -0.8910
vn 0.7071 -0.0000 -0.7071
vn 0.8910 -0.0000 -0.4540
vn 0.9877 -0.0000 -0.1564
vn 0.9877 -0.0000 0.1564
vn 0.8910 -0.0000 0.4540
vn 0.7071 -0.0000 0.7071
vn 0.4540 -0.0000 0.8910
vn 0.1564 -0.0000 0.9877
vn -0.1564 -0.0000 0.9877
vn -0.4540 -0.0000 0.8910
vn -0.7071 -0.0000 0.7071
vn -0.8910 -0.0000 0.4540
vn -0.9877 -0.0000 0.1564
vn -0.9877 -0.0000 -0.1564
vn -0.8910 -0.0000 -0.4540
vn -0.7071 -0.0000 -0.7071
vn -0.0000 1.0000 -0.0000
vn -0.4540 -0.0000 -0.8910
vn -0.1564 -0.0000 -0.9877
vn -0.0000 -1.0000 -0.0000
vt 1.000000 0.500000
vt 1.000000 1.000000
vt 0.950000 1.000000
vt 0.950000 0.500000
vt 0.900000 1.000000
vt 0.900000 0.500000
vt 0.850000 1.000000
vt 0.850000 0.500000
vt 0.800000 1.000000
vt 0.800000 0.500000
vt 0.750000 1.000000
vt 0.750000 0.500000
vt 0.700000 1.000000
vt 0.700000 0.500000
vt 0.650000 1.000000
vt 0.650000 0.500000
vt 0.600000 1.000000
vt 0.600000 0.500000
vt 0.550000 1.000000
vt 0.550000 0.500000
vt 0.500000 1.000000
vt 0.500000 0.500000
vt 0.450000 1.000000
vt 0.450000 0.500000
vt 0.400000 1.000000
vt 0.400000 0.500000
vt 0.350000 1.000000
vt 0.350000 0.500000
vt 0.300000 1.000000
vt 0.300000 0.500000
vt 0.250000 1.000000
vt 0.250000 0.500000
vt 0.200000 1.000000
vt 0.200000 0.500000
vt 0.150000 1.000000
vt 0.150000 0.500000
vt 0.100000 1.000000
vt 0.100000 0.500000
vt 0.324164 0.478254
vt 0.250000 0.490000
vt 0.175836 0.478254
vt 0.108932 0.444164
vt 0.055836 0.391068
vt 0.021746 0.324164
vt 0.010000 0.250000
vt 0.021746 0.175836
vt 0.055836 0.108932
vt 0.108932 0.055836
vt 0.175836 0.021746
vt 0.250000 0.010000
vt 0.324164 0.021746
vt 0.391068 0.055836
vt 0.444164 0.108932
vt 0.478254 0.175836
vt 0.490000 0.250000
vt 0.478254 0.324164
vt 0.444164 0.391068
vt 0.391068 0.444164
vt 0.050000 1.000000
vt 0.050000 0.500000
vt -0.000000 1.000000
vt -0.000000 0.500000
vt 0.750000 0.490000
vt 0.824164 0.478254
vt 0.891068 0.444164
vt 0.944164 0.391068
vt 0.978254 0.324164
vt 0.990000 0.250000
vt 0.978254 0.175836
vt 0.944164 0.108932
vt 0.891068 0.055836
vt 0.824164 0.021746
vt 0.750000 0.010000
vt 0.675836 0.021746
vt 0.608932 0.055836
vt 0.555836 0.108932
vt 0.521746 0.175836
vt 0.510000 0.250000
vt 0.521746 0.324164
vt 0.555836 0.391068
vt 0.608932 0.444164
vt 0.675836 0.478254
s 0
usemtl boss_warning_red
f 821/1627/444 822/1628/444 824/1629/444 823/1630/444
f 823/1630/445 824/1629/445 826/1631/445 825/1632/445
f 825/1632/446 826/1631/446 828/1633/446 827/1634/446
f 827/1634/447 828/1633/447 830/1635/447 829/1636/447
f 829/1636/448 830/1635/448 832/1637/448 831/1638/448
f 831/1638/449 832/1637/449 834/1639/449 833/1640/449
f 833/1640/450 834/1639/450 836/1641/450 835/1642/450
f 835/1642/451 836/1641/451 838/1643/451 837/1644/451
f 837/1644/452 838/1643/452 840/1645/452 839/1646/452
f 839/1646/453 840/1645/453 842/1647/453 841/1648/453
f 841/1648/454 842/1647/454 844/1649/454 843/1650/454
f 843/1650/455 844/1649/455 846/1651/455 845/1652/455
f 845/1652/456 846/1651/456 848/1653/456 847/1654/456
f 847/1654/457 848/1653/457 850/1655/457 849/1656/457
f 849/1656/458 850/1655/458 852/1657/458 851/1658/458
f 851/1658/459 852/1657/459 854/1659/459 853/1660/459
f 853/1660/460 854/1659/460 856/1661/460 855/1662/460
f 855/1662/461 856/1661/461 858/1663/461 857/1664/461
f 824/1665/462 822/1666/462 860/1667/462 858/1668/462 856/1669/462 854/1670/462 852/1671/462 850/1672/462 848/1673/462 846/1674/462 844/1675/462 842/1676/462 840/1677/462 838/1678/462 836/1679/462 834/1680/462 832/1681/462 830/1682/462 828/1683/462 826/1684/462
f 857/1664/463 858/1663/463 860/1685/463 859/1686/463
f 859/1686/464 860/1685/464 822/1687/464 821/1688/464
f 821/1689/465 823/1690/465 825/1691/465 827/1692/465 829/1693/465 831/1694/465 833/1695/465 835/1696/465 837/1697/465 839/1698/465 841/1699/465 843/1700/465 845/1701/465 847/1702/465 849/1703/465 851/1704/465 853/1705/465 855/1706/465 857/1707/465 859/1708/465
o boss_warning_beacon_back_15
v 15.000000 -29.500000 -0.550000
v 15.000000 -26.500000 -0.550000
v 15.169959 -29.500000 -0.523081
v 15.169959 -26.500000 -0.523081
v 15.323282 -29.500000 -0.444959
v 15.323282 -26.500000 -0.444959
v 15.444960 -29.500000 -0.323282
v 15.444960 -26.500000 -0.323282
v 15.523081 -29.500000 -0.169959
v 15.523081 -26.500000 -0.169959
v 15.550000 -29.500000 0.000000
v 15.550000 -26.500000 0.000000
v 15.523081 -29.500000 0.169959
v 15.523081 -26.500000 0.169959
v 15.444960 -29.500000 0.323282
v 15.444960 -26.500000 0.323282
v 15.323282 -29.500000 0.444959
v 15.323282 -26.500000 0.444959
v 15.169959 -29.500000 0.523081
v 15.169959 -26.500000 0.523081
v 15.000000 -29.500000 0.550000
v 15.000000 -26.500000 0.550000
v 14.830041 -29.500000 0.523081
v 14.830041 -26.500000 0.523081
v 14.676718 -29.500000 0.444959
v 14.676718 -26.500000 0.444959
v 14.555040 -29.500000 0.323282
v 14.555040 -26.500000 0.323282
v 14.476919 -29.500000 0.169959
v 14.476919 -26.500000 0.169959
v 14.450000 -29.500000 0.000000
v 14.450000 -26.500000 0.000000
v 14.476919 -29.500000 -0.169959
v 14.476919 -26.500000 -0.169959
v 14.555040 -29.500000 -0.323282
v 14.555040 -26.500000 -0.323282
v 14.676718 -29.500000 -0.444959
v 14.676718 -26.500000 -0.444959
v 14.830041 -29.500000 -0.523081
v 14.830041 -26.500000 -0.523081
vn 0.1564 -0.0000 -0.9877
vn 0.4540 -0.0000 -0.8910
vn 0.7071 -0.0000 -0.7071
vn 0.8910 -0.0000 -0.4540
vn 0.9877 -0.0000 -0.1564
vn 0.9877 -0.0000 0.1564
vn 0.8910 -0.0000 0.4540
vn 0.7071 -0.0000 0.7071
vn 0.4540 -0.0000 0.8910
vn 0.1564 -0.0000 0.9877
vn -0.1564 -0.0000 0.9877
vn -0.4540 -0.0000 0.8910
vn -0.7071 -0.0000 0.7071
vn -0.8910 -0.0000 0.4540
vn -0.9877 -0.0000 0.1564
vn -0.9877 -0.0000 -0.1564
vn -0.8910 -0.0000 -0.4540
vn -0.7071 -0.0000 -0.7071
vn -0.0000 1.0000 -0.0000
vn -0.4540 -0.0000 -0.8910
vn -0.1564 -0.0000 -0.9877
vn -0.0000 -1.0000 -0.0000
vt 1.000000 0.500000
vt 1.000000 1.000000
vt 0.950000 1.000000
vt 0.950000 0.500000
vt 0.900000 1.000000
vt 0.900000 0.500000
vt 0.850000 1.000000
vt 0.850000 0.500000
vt 0.800000 1.000000
vt 0.800000 0.500000
vt 0.750000 1.000000
vt 0.750000 0.500000
vt 0.700000 1.000000
vt 0.700000 0.500000
vt 0.650000 1.000000
vt 0.650000 0.500000
vt 0.600000 1.000000
vt 0.600000 0.500000
vt 0.550000 1.000000
vt 0.550000 0.500000
vt 0.500000 1.000000
vt 0.500000 0.500000
vt 0.450000 1.000000
vt 0.450000 0.500000
vt 0.400000 1.000000
vt 0.400000 0.500000
vt 0.350000 1.000000
vt 0.350000 0.500000
vt 0.300000 1.000000
vt 0.300000 0.500000
vt 0.250000 1.000000
vt 0.250000 0.500000
vt 0.200000 1.000000
vt 0.200000 0.500000
vt 0.150000 1.000000
vt 0.150000 0.500000
vt 0.100000 1.000000
vt 0.100000 0.500000
vt 0.324164 0.478254
vt 0.250000 0.490000
vt 0.175836 0.478254
vt 0.108932 0.444164
vt 0.055836 0.391068
vt 0.021746 0.324164
vt 0.010000 0.250000
vt 0.021746 0.175836
vt 0.055836 0.108932
vt 0.108932 0.055836
vt 0.175836 0.021746
vt 0.250000 0.010000
vt 0.324164 0.021746
vt 0.391068 0.055836
vt 0.444164 0.108932
vt 0.478254 0.175836
vt 0.490000 0.250000
vt 0.478254 0.324164
vt 0.444164 0.391068
vt 0.391068 0.444164
vt 0.050000 1.000000
vt 0.050000 0.500000
vt -0.000000 1.000000
vt -0.000000 0.500000
vt 0.750000 0.490000
vt 0.824164 0.478254
vt 0.891068 0.444164
vt 0.944164 0.391068
vt 0.978254 0.324164
vt 0.990000 0.250000
vt 0.978254 0.175836
vt 0.944164 0.108932
vt 0.891068 0.055836
vt 0.824164 0.021746
vt 0.750000 0.010000
vt 0.675836 0.021746
vt 0.608932 0.055836
vt 0.555836 0.108932
vt 0.521746 0.175836
vt 0.510000 0.250000
vt 0.521746 0.324164
vt 0.555836 0.391068
vt 0.608932 0.444164
vt 0.675836 0.478254
s 0
usemtl boss_warning_red
f 861/1709/466 862/1710/466 864/1711/466 863/1712/466
f 863/1712/467 864/1711/467 866/1713/467 865/1714/467
f 865/1714/468 866/1713/468 868/1715/468 867/1716/468
f 867/1716/469 868/1715/469 870/1717/469 869/1718/469
f 869/1718/470 870/1717/470 872/1719/470 871/1720/470
f 871/1720/471 872/1719/471 874/1721/471 873/1722/471
f 873/1722/472 874/1721/472 876/1723/472 875/1724/472
f 875/1724/473 876/1723/473 878/1725/473 877/1726/473
f 877/1726/474 878/1725/474 880/1727/474 879/1728/474
f 879/1728/475 880/1727/475 882/1729/475 881/1730/475
f 881/1730/476 882/1729/476 884/1731/476 883/1732/476
f 883/1732/477 884/1731/477 886/1733/477 885/1734/477
f 885/1734/478 886/1733/478 888/1735/478 887/1736/478
f 887/1736/479 888/1735/479 890/1737/479 889/1738/479
f 889/1738/480 890/1737/480 892/1739/480 891/1740/480
f 891/1740/481 892/1739/481 894/1741/481 893/1742/481
f 893/1742/482 894/1741/482 896/1743/482 895/1744/482
f 895/1744/483 896/1743/483 898/1745/483 897/1746/483
f 864/1747/484 862/1748/484 900/1749/484 898/1750/484 896/1751/484 894/1752/484 892/1753/484 890/1754/484 888/1755/484 886/1756/484 884/1757/484 882/1758/484 880/1759/484 878/1760/484 876/1761/484 874/1762/484 872/1763/484 870/1764/484 868/1765/484 866/1766/484
f 897/1746/485 898/1745/485 900/1767/485 899/1768/485
f 899/1768/486 900/1767/486 862/1769/486 861/1770/486
f 861/1771/487 863/1772/487 865/1773/487 867/1774/487 869/1775/487 871/1776/487 873/1777/487 875/1778/487 877/1779/487 879/1780/487 881/1781/487 883/1782/487 885/1783/487 887/1784/487 889/1785/487 891/1786/487 893/1787/487 895/1788/487 897/1789/487 899/1790/487
o boss_warning_beacon_30
v 30.000000 26.500000 -0.550000
v 30.000000 29.500000 -0.550000
v 30.169960 26.500000 -0.523081
v 30.169960 29.500000 -0.523081
v 30.323282 26.500000 -0.444959
v 30.323282 29.500000 -0.444959
v 30.444960 26.500000 -0.323282
v 30.444960 29.500000 -0.323282
v 30.523081 26.500000 -0.169959
v 30.523081 29.500000 -0.169959
v 30.549999 26.500000 0.000000
v 30.549999 29.500000 0.000000
v 30.523081 26.500000 0.169959
v 30.523081 29.500000 0.169959
v 30.444960 26.500000 0.323282
v 30.444960 29.500000 0.323282
v 30.323282 26.500000 0.444959
v 30.323282 29.500000 0.444959
v 30.169960 26.500000 0.523081
v 30.169960 29.500000 0.523081
v 30.000000 26.500000 0.550000
v 30.000000 29.500000 0.550000
v 29.830040 26.500000 0.523081
v 29.830040 29.500000 0.523081
v 29.676718 26.500000 0.444959
v 29.676718 29.500000 0.444959
v 29.555040 26.500000 0.323282
v 29.555040 29.500000 0.323282
v 29.476919 26.500000 0.169959
v 29.476919 29.500000 0.169959
v 29.450001 26.500000 0.000000
v 29.450001 29.500000 0.000000
v 29.476919 26.500000 -0.169959
v 29.476919 29.500000 -0.169959
v 29.555040 26.500000 -0.323282
v 29.555040 29.500000 -0.323282
v 29.676718 26.500000 -0.444959
v 29.676718 29.500000 -0.444959
v 29.830040 26.500000 -0.523081
v 29.830040 29.500000 -0.523081
vn 0.1564 -0.0000 -0.9877
vn 0.4540 -0.0000 -0.8910
vn 0.7071 -0.0000 -0.7071
vn 0.8910 -0.0000 -0.4540
vn 0.9877 -0.0000 -0.1564
vn 0.9877 -0.0000 0.1564
vn 0.8910 -0.0000 0.4540
vn 0.7071 -0.0000 0.7071
vn 0.4540 -0.0000 0.8910
vn 0.1564 -0.0000 0.9877
vn -0.1564 -0.0000 0.9877
vn -0.4540 -0.0000 0.8910
vn -0.7071 -0.0000 0.7071
vn -0.8910 -0.0000 0.4540
vn -0.9877 -0.0000 0.1564
vn -0.9877 -0.0000 -0.1564
vn -0.8910 -0.0000 -0.4540
vn -0.7071 -0.0000 -0.7071
vn -0.0000 1.0000 -0.0000
vn -0.4540 -0.0000 -0.8910
vn -0.1564 -0.0000 -0.9877
vn -0.0000 -1.0000 -0.0000
vt 1.000000 0.500000
vt 1.000000 1.000000
vt 0.950000 1.000000
vt 0.950000 0.500000
vt 0.900000 1.000000
vt 0.900000 0.500000
vt 0.850000 1.000000
vt 0.850000 0.500000
vt 0.800000 1.000000
vt 0.800000 0.500000
vt 0.750000 1.000000
vt 0.750000 0.500000
vt 0.700000 1.000000
vt 0.700000 0.500000
vt 0.650000 1.000000
vt 0.650000 0.500000
vt 0.600000 1.000000
vt 0.600000 0.500000
vt 0.550000 1.000000
vt 0.550000 0.500000
vt 0.500000 1.000000
vt 0.500000 0.500000
vt 0.450000 1.000000
vt 0.450000 0.500000
vt 0.400000 1.000000
vt 0.400000 0.500000
vt 0.350000 1.000000
vt 0.350000 0.500000
vt 0.300000 1.000000
vt 0.300000 0.500000
vt 0.250000 1.000000
vt 0.250000 0.500000
vt 0.200000 1.000000
vt 0.200000 0.500000
vt 0.150000 1.000000
vt 0.150000 0.500000
vt 0.100000 1.000000
vt 0.100000 0.500000
vt 0.324164 0.478254
vt 0.250000 0.490000
vt 0.175836 0.478254
vt 0.108932 0.444164
vt 0.055836 0.391068
vt 0.021746 0.324164
vt 0.010000 0.250000
vt 0.021746 0.175836
vt 0.055836 0.108932
vt 0.108932 0.055836
vt 0.175836 0.021746
vt 0.250000 0.010000
vt 0.324164 0.021746
vt 0.391068 0.055836
vt 0.444164 0.108932
vt 0.478254 0.175836
vt 0.490000 0.250000
vt 0.478254 0.324164
vt 0.444164 0.391068
vt 0.391068 0.444164
vt 0.050000 1.000000
vt 0.050000 0.500000
vt -0.000000 1.000000
vt -0.000000 0.500000
vt 0.750000 0.490000
vt 0.824164 0.478254
vt 0.891068 0.444164
vt 0.944164 0.391068
vt 0.978254 0.324164
vt 0.990000 0.250000
vt 0.978254 0.175836
vt 0.944164 0.108932
vt 0.891068 0.055836
vt 0.824164 0.021746
vt 0.750000 0.010000
vt 0.675836 0.021746
vt 0.608932 0.055836
vt 0.555836 0.108932
vt 0.521746 0.175836
vt 0.510000 0.250000
vt 0.521746 0.324164
vt 0.555836 0.391068
vt 0.608932 0.444164
vt 0.675836 0.478254
s 0
usemtl boss_warning_red
f 901/1791/488 902/1792/488 904/1793/488 903/1794/488
f 903/1794/489 904/1793/489 906/1795/489 905/1796/489
f 905/1796/490 906/1795/490 908/1797/490 907/1798/490
f 907/1798/491 908/1797/491 910/1799/491 909/1800/491
f 909/1800/492 910/1799/492 912/1801/492 911/1802/492
f 911/1802/493 912/1801/493 914/1803/493 913/1804/493
f 913/1804/494 914/1803/494 916/1805/494 915/1806/494
f 915/1806/495 916/1805/495 918/1807/495 917/1808/495
f 917/1808/496 918/1807/496 920/1809/496 919/1810/496
f 919/1810/497 920/1809/497 922/1811/497 921/1812/497
f 921/1812/498 922/1811/498 924/1813/498 923/1814/498
f 923/1814/499 924/1813/499 926/1815/499 925/1816/499
f 925/1816/500 926/1815/500 928/1817/500 927/1818/500
f 927/1818/501 928/1817/501 930/1819/501 929/1820/501
f 929/1820/502 930/1819/502 932/1821/502 931/1822/502
f 931/1822/503 932/1821/503 934/1823/503 933/1824/503
f 933/1824/504 934/1823/504 936/1825/504 935/1826/504
f 935/1826/505 936/1825/505 938/1827/505 937/1828/505
f 904/1829/506 902/1830/506 940/1831/506 938/1832/506 936/1833/506 934/1834/506 932/1835/506 930/1836/506 928/1837/506 926/1838/506 924/1839/506 922/1840/506 920/1841/506 918/1842/506 916/1843/506 914/1844/506 912/1845/506 910/1846/506 908/1847/506 906/1848/506
f 937/1828/507 938/1827/507 940/1849/507 939/1850/507
f 939/1850/508 940/1849/508 902/1851/508 901/1852/508
f 901/1853/509 903/1854/509 905/1855/509 907/1856/509 909/1857/509 911/1858/509 913/1859/509 915/1860/509 917/1861/509 919/1862/509 921/1863/509 923/1864/509 925/1865/509 927/1866/509 929/1867/509 931/1868/509 933/1869/509 935/1870/509 937/1871/509 939/1872/509
o boss_warning_beacon_back_30
v 30.000000 -29.500000 -0.550000
v 30.000000 -26.500000 -0.550000
v 30.169960 -29.500000 -0.523081
v 30.169960 -26.500000 -0.523081
v 30.323282 -29.500000 -0.444959
v 30.323282 -26.500000 -0.444959
v 30.444960 -29.500000 -0.323282
v 30.444960 -26.500000 -0.323282
v 30.523081 -29.500000 -0.169959
v 30.523081 -26.500000 -0.169959
v 30.549999 -29.500000 0.000000
v 30.549999 -26.500000 0.000000
v 30.523081 -29.500000 0.169959
v 30.523081 -26.500000 0.169959
v 30.444960 -29.500000 0.323282
v 30.444960 -26.500000 0.323282
v 30.323282 -29.500000 0.444959
v 30.323282 -26.500000 0.444959
v 30.169960 -29.500000 0.523081
v 30.169960 -26.500000 0.523081
v 30.000000 -29.500000 0.550000
v 30.000000 -26.500000 0.550000
v 29.830040 -29.500000 0.523081
v 29.830040 -26.500000 0.523081
v 29.676718 -29.500000 0.444959
v 29.676718 -26.500000 0.444959
v 29.555040 -29.500000 0.323282
v 29.555040 -26.500000 0.323282
v 29.476919 -29.500000 0.169959
v 29.476919 -26.500000 0.169959
v 29.450001 -29.500000 0.000000
v 29.450001 -26.500000 0.000000
v 29.476919 -29.500000 -0.169959
v 29.476919 -26.500000 -0.169959
v 29.555040 -29.500000 -0.323282
v 29.555040 -26.500000 -0.323282
v 29.676718 -29.500000 -0.444959
v 29.676718 -26.500000 -0.444959
v 29.830040 -29.500000 -0.523081
v 29.830040 -26.500000 -0.523081
vn 0.1564 -0.0000 -0.9877
vn 0.4540 -0.0000 -0.8910
vn 0.7071 -0.0000 -0.7071
vn 0.8910 -0.0000 -0.4540
vn 0.9877 -0.0000 -0.1564
vn 0.9877 -0.0000 0.1564
vn 0.8910 -0.0000 0.4540
vn 0.7071 -0.0000 0.7071
vn 0.4540 -0.0000 0.8910
vn 0.1564 -0.0000 0.9877
vn -0.1564 -0.0000 0.9877
vn -0.4540 -0.0000 0.8910
vn -0.7071 -0.0000 0.7071
vn -0.8910 -0.0000 0.4540
vn -0.9877 -0.0000 0.1564
vn -0.9877 -0.0000 -0.1564
vn -0.8910 -0.0000 -0.4540
vn -0.7071 -0.0000 -0.7071
vn -0.0000 1.0000 -0.0000
vn -0.4540 -0.0000 -0.8910
vn -0.1564 -0.0000 -0.9877
vn -0.0000 -1.0000 -0.0000
vt 1.000000 0.500000
vt 1.000000 1.000000
vt 0.950000 1.000000
vt 0.950000 0.500000
vt 0.900000 1.000000
vt 0.900000 0.500000
vt 0.850000 1.000000
vt 0.850000 0.500000
vt 0.800000 1.000000
vt 0.800000 0.500000
vt 0.750000 1.000000
vt 0.750000 0.500000
vt 0.700000 1.000000
vt 0.700000 0.500000
vt 0.650000 1.000000
vt 0.650000 0.500000
vt 0.600000 1.000000
vt 0.600000 0.500000
vt 0.550000 1.000000
vt 0.550000 0.500000
vt 0.500000 1.000000
vt 0.500000 0.500000
vt 0.450000 1.000000
vt 0.450000 0.500000
vt 0.400000 1.000000
vt 0.400000 0.500000
vt 0.350000 1.000000
vt 0.350000 0.500000
vt 0.300000 1.000000
vt 0.300000 0.500000
vt 0.250000 1.000000
vt 0.250000 0.500000
vt 0.200000 1.000000
vt 0.200000 0.500000
vt 0.150000 1.000000
vt 0.150000 0.500000
vt 0.100000 1.000000
vt 0.100000 0.500000
vt 0.324164 0.478254
vt 0.250000 0.490000
vt 0.175836 0.478254
vt 0.108932 0.444164
vt 0.055836 0.391068
vt 0.021746 0.324164
vt 0.010000 0.250000
vt 0.021746 0.175836
vt 0.055836 0.108932
vt 0.108932 0.055836
vt 0.175836 0.021746
vt 0.250000 0.010000
vt 0.324164 0.021746
vt 0.391068 0.055836
vt 0.444164 0.108932
vt 0.478254 0.175836
vt 0.490000 0.250000
vt 0.478254 0.324164
vt 0.444164 0.391068
vt 0.391068 0.444164
vt 0.050000 1.000000
vt 0.050000 0.500000
vt -0.000000 1.000000
vt -0.000000 0.500000
vt 0.750000 0.490000
vt 0.824164 0.478254
vt 0.891068 0.444164
vt 0.944164 0.391068
vt 0.978254 0.324164
vt 0.990000 0.250000
vt 0.978254 0.175836
vt 0.944164 0.108932
vt 0.891068 0.055836
vt 0.824164 0.021746
vt 0.750000 0.010000
vt 0.675836 0.021746
vt 0.608932 0.055836
vt 0.555836 0.108932
vt 0.521746 0.175836
vt 0.510000 0.250000
vt 0.521746 0.324164
vt 0.555836 0.391068
vt 0.608932 0.444164
vt 0.675836 0.478254
s 0
usemtl boss_warning_red
f 941/1873/510 942/1874/510 944/1875/510 943/1876/510
f 943/1876/511 944/1875/511 946/1877/511 945/1878/511
f 945/1878/512 946/1877/512 948/1879/512 947/1880/512
f 947/1880/513 948/1879/513 950/1881/513 949/1882/513
f 949/1882/514 950/1881/514 952/1883/514 951/1884/514
f 951/1884/515 952/1883/515 954/1885/515 953/1886/515
f 953/1886/516 954/1885/516 956/1887/516 955/1888/516
f 955/1888/517 956/1887/517 958/1889/517 957/1890/517
f 957/1890/518 958/1889/518 960/1891/518 959/1892/518
f 959/1892/519 960/1891/519 962/1893/519 961/1894/519
f 961/1894/520 962/1893/520 964/1895/520 963/1896/520
f 963/1896/521 964/1895/521 966/1897/521 965/1898/521
f 965/1898/522 966/1897/522 968/1899/522 967/1900/522
f 967/1900/523 968/1899/523 970/1901/523 969/1902/523
f 969/1902/524 970/1901/524 972/1903/524 971/1904/524
f 971/1904/525 972/1903/525 974/1905/525 973/1906/525
f 973/1906/526 974/1905/526 976/1907/526 975/1908/526
f 975/1908/527 976/1907/527 978/1909/527 977/1910/527
f 944/1911/528 942/1912/528 980/1913/528 978/1914/528 976/1915/528 974/1916/528 972/1917/528 970/1918/528 968/1919/528 966/1920/528 964/1921/528 962/1922/528 960/1923/528 958/1924/528 956/1925/528 954/1926/528 952/1927/528 950/1928/528 948/1929/528 946/1930/528
f 977/1910/529 978/1909/529 980/1931/529 979/1932/529
f 979/1932/530 980/1931/530 942/1933/530 941/1934/530
f 941/1935/531 943/1936/531 945/1937/531 947/1938/531 949/1939/531 951/1940/531 953/1941/531 955/1942/531 957/1943/531 959/1944/531 961/1945/531 963/1946/531 965/1947/531 967/1948/531 969/1949/531 971/1950/531 973/1951/531 975/1952/531 977/1953/531 979/1954/531
o boss_cloud_bank_0
v -32.000000 -27.000000 1.450000
v -32.000000 -17.000000 1.450000
v -28.488375 -27.000000 1.456725
v -28.488375 -17.000000 1.456725
v -25.111698 -27.000000 1.476642
v -25.111698 -17.000000 1.476642
v -21.999737 -27.000000 1.508986
v -21.999737 -17.000000 1.508986
v -19.272079 -27.000000 1.552513
v -19.272079 -17.000000 1.552513
v -17.033546 -27.000000 1.605550
v -17.033546 -17.000000 1.605550
v -15.370169 -27.000000 1.666061
v -15.370169 -17.000000 1.666061
v -14.345865 -27.000000 1.731718
v -14.345865 -17.000000 1.731718
v -14.000000 -27.000000 1.800000
v -14.000000 -17.000000 1.800000
v -14.345865 -27.000000 1.868282
v -14.345865 -17.000000 1.868282
v -15.370169 -27.000000 1.933939
v -15.370169 -17.000000 1.933939
v -17.033546 -27.000000 1.994449
v -17.033546 -17.000000 1.994449
v -19.272079 -27.000000 2.047487
v -19.272079 -17.000000 2.047487
v -21.999737 -27.000000 2.091014
v -21.999737 -17.000000 2.091014
v -25.111698 -27.000000 2.123358
v -25.111698 -17.000000 2.123358
v -28.488375 -27.000000 2.143275
v -28.488375 -17.000000 2.143275
v -32.000000 -27.000000 2.150000
v -32.000000 -17.000000 2.150000
v -35.511627 -27.000000 2.143275
v -35.511627 -17.000000 2.143275
v -38.888302 -27.000000 2.123358
v -38.888302 -17.000000 2.123358
v -42.000263 -27.000000 2.091014
v -42.000263 -17.000000 2.091014
v -44.727921 -27.000000 2.047487
v -44.727921 -17.000000 2.047487
v -46.966454 -27.000000 1.994449
v -46.966454 -17.000000 1.994449
v -48.629829 -27.000000 1.933939
v -48.629829 -17.000000 1.933939
v -49.654137 -27.000000 1.868282
v -49.654137 -17.000000 1.868282
v -50.000000 -27.000000 1.800000
v -50.000000 -17.000000 1.800000
v -49.654137 -27.000000 1.731718
v -49.654137 -17.000000 1.731718
v -48.629829 -27.000000 1.666061
v -48.629829 -17.000000 1.666061
v -46.966454 -27.000000 1.605550
v -46.966454 -17.000000 1.605550
v -44.727921 -27.000000 1.552513
v -44.727921 -17.000000 1.552513
v -42.000263 -27.000000 1.508986
v -42.000263 -17.000000 1.508986
v -38.888302 -27.000000 1.476642
v -38.888302 -17.000000 1.476642
v -35.511627 -27.000000 1.456725
v -35.511627 -17.000000 1.456725
vn 0.0019 -0.0000 -1.0000
vn 0.0059 -0.0000 -1.0000
vn 0.0104 -0.0000 -0.9999
vn 0.0160 -0.0000 -0.9999
vn 0.0237 -0.0000 -0.9997
vn 0.0364 -0.0000 -0.9993
vn 0.0640 -0.0000 -0.9980
vn 0.1937 -0.0000 -0.9811
vn 0.1937 -0.0000 0.9811
vn 0.0640 -0.0000 0.9980
vn 0.0364 -0.0000 0.9993
vn 0.0237 -0.0000 0.9997
vn 0.0160 -0.0000 0.9999
vn 0.0104 -0.0000 0.9999
vn 0.0059 -0.0000 1.0000
vn 0.0019 -0.0000 1.0000
vn -0.0019 -0.0000 1.0000
vn -0.0059 -0.0000 1.0000
vn -0.0104 -0.0000 0.9999
vn -0.0160 -0.0000 0.9999
vn -0.0237 -0.0000 0.9997
vn -0.0364 -0.0000 0.9993
vn -0.0640 -0.0000 0.9980
vn -0.1937 -0.0000 0.9811
vn -0.1937 -0.0000 -0.9811
vn -0.0640 -0.0000 -0.9980
vn -0.0364 -0.0000 -0.9993
vn -0.0237 -0.0000 -0.9997
vn -0.0160 -0.0000 -0.9999
vn -0.0104 -0.0000 -0.9999
vn -0.0000 1.0000 -0.0000
vn -0.0059 -0.0000 -1.0000
vn -0.0019 -0.0000 -1.0000
vn -0.0000 -1.0000 -0.0000
vt 1.000000 0.500000
vt 1.000000 1.000000
vt 0.968750 1.000000
vt 0.968750 0.500000
vt 0.937500 1.000000
vt 0.937500 0.500000
vt 0.906250 1.000000
vt 0.906250 0.500000
vt 0.875000 1.000000
vt 0.875000 0.500000
vt 0.843750 1.000000
vt 0.843750 0.500000
vt 0.812500 1.000000
vt 0.812500 0.500000
vt 0.781250 1.000000
vt 0.781250 0.500000
vt 0.750000 1.000000
vt 0.750000 0.500000
vt 0.718750 1.000000
vt 0.718750 0.500000
vt 0.687500 1.000000
vt 0.687500 0.500000
vt 0.656250 1.000000
vt 0.656250 0.500000
vt 0.625000 1.000000
vt 0.625000 0.500000
vt 0.593750 1.000000
vt 0.593750 0.500000
vt 0.562500 1.000000
vt 0.562500 0.500000
vt 0.531250 1.000000
vt 0.531250 0.500000
vt 0.500000 1.000000
vt 0.500000 0.500000
vt 0.468750 1.000000
vt 0.468750 0.500000
vt 0.437500 1.000000
vt 0.437500 0.500000
vt 0.406250 1.000000
vt 0.406250 0.500000
vt 0.375000 1.000000
vt 0.375000 0.500000
vt 0.343750 1.000000
vt 0.343750 0.500000
vt 0.312500 1.000000
vt 0.312500 0.500000
vt 0.281250 1.000000
vt 0.281250 0.500000
vt 0.250000 1.000000
vt 0.250000 0.500000
vt 0.218750 1.000000
vt 0.218750 0.500000
vt 0.187500 1.000000
vt 0.187500 0.500000
vt 0.156250 1.000000
vt 0.156250 0.500000
vt 0.125000 1.000000
vt 0.125000 0.500000
vt 0.093750 1.000000
vt 0.093750 0.500000
vt 0.062500 1.000000
vt 0.062500 0.500000
vt 0.296822 0.485388
vt 0.250000 0.490000
vt 0.203178 0.485388
vt 0.158156 0.471731
vt 0.116663 0.449553
vt 0.080294 0.419706
vt 0.050447 0.383337
vt 0.028269 0.341844
vt 0.014612 0.296822
vt 0.010000 0.250000
vt 0.014612 0.203178
vt 0.028269 0.158156
vt 0.050447 0.116663
vt 0.080294 0.080294
vt 0.116663 0.050447
vt 0.158156 0.028269
vt 0.203178 0.014612
vt 0.250000 0.010000
vt 0.296822 0.014612
vt 0.341844 0.028269
vt 0.383337 0.050447
vt 0.419706 0.080294
vt 0.449553 0.116663
vt 0.471731 0.158156
vt 0.485388 0.203178
vt 0.490000 0.250000
vt 0.485388 0.296822
vt 0.471731 0.341844
vt 0.449553 0.383337
vt 0.419706 0.419706
vt 0.383337 0.449553
vt 0.341844 0.471731
vt 0.031250 1.000000
vt 0.031250 0.500000
vt 0.000000 1.000000
vt 0.000000 0.500000
vt 0.750000 0.490000
vt 0.796822 0.485388
vt 0.841844 0.471731
vt 0.883337 0.449553
vt 0.919706 0.419706
vt 0.949553 0.383337
vt 0.971731 0.341844
vt 0.985388 0.296822
vt 0.990000 0.250000
vt 0.985388 0.203178
vt 0.971731 0.158156
vt 0.949553 0.116663
vt 0.919706 0.080294
vt 0.883337 0.050447
vt 0.841844 0.028269
vt 0.796822 0.014612
vt 0.750000 0.010000
vt 0.703178 0.014612
vt 0.658156 0.028269
vt 0.616663 0.050447
vt 0.580294 0.080294
vt 0.550447 0.116663
vt 0.528269 0.158156
vt 0.514612 0.203178
vt 0.510000 0.250000
vt 0.514612 0.296822
vt 0.528269 0.341844
vt 0.550447 0.383337
vt 0.580294 0.419706
vt 0.616663 0.449553
vt 0.658156 0.471731
vt 0.703178 0.485388
s 0
usemtl boss_cloud_floor
f 981/1955/532 982/1956/532 984/1957/532 983/1958/532
f 983/1958/533 984/1957/533 986/1959/533 985/1960/533
f 985/1960/534 986/1959/534 988/1961/534 987/1962/534
f 987/1962/535 988/1961/535 990/1963/535 989/1964/535
f 989/1964/536 990/1963/536 992/1965/536 991/1966/536
f 991/1966/537 992/1965/537 994/1967/537 993/1968/537
f 993/1968/538 994/1967/538 996/1969/538 995/1970/538
f 995/1970/539 996/1969/539 998/1971/539 997/1972/539
f 997/1972/540 998/1971/540 1000/1973/540 999/1974/540
f 999/1974/541 1000/1973/541 1002/1975/541 1001/1976/541
f 1001/1976/542 1002/1975/542 1004/1977/542 1003/1978/542
f 1003/1978/543 1004/1977/543 1006/1979/543 1005/1980/543
f 1005/1980/544 1006/1979/544 1008/1981/544 1007/1982/544
f 1007/1982/545 1008/1981/545 1010/1983/545 1009/1984/545
f 1009/1984/546 1010/1983/546 1012/1985/546 1011/1986/546
f 1011/1986/547 1012/1985/547 1014/1987/547 1013/1988/547
f 1013/1988/548 1014/1987/548 1016/1989/548 1015/1990/548
f 1015/1990/549 1016/1989/549 1018/1991/549 1017/1992/549
f 1017/1992/550 1018/1991/550 1020/1993/550 1019/1994/550
f 1019/1994/551 1020/1993/551 1022/1995/551 1021/1996/551
f 1021/1996/552 1022/1995/552 1024/1997/552 1023/1998/552
f 1023/1998/553 1024/1997/553 1026/1999/553 1025/2000/553
f 1025/2000/554 1026/1999/554 1028/2001/554 1027/2002/554
f 1027/2002/555 1028/2001/555 1030/2003/555 1029/2004/555
f 1029/2004/556 1030/2003/556 1032/2005/556 1031/2006/556
f 1031/2006/557 1032/2005/557 1034/2007/557 1033/2008/557
f 1033/2008/558 1034/2007/558 1036/2009/558 1035/2010/558
f 1035/2010/559 1036/2009/559 1038/2011/559 1037/2012/559
f 1037/2012/560 1038/2011/560 1040/2013/560 1039/2014/560
f 1039/2014/561 1040/2013/561 1042/2015/561 1041/2016/561
f 984/2017/562 982/2018/562 1044/2019/562 1042/2020/562 1040/2021/562 1038/2022/562 1036/2023/562 1034/2024/562 1032/2025/562 1030/2026/562 1028/2027/562 1026/2028/562 1024/2029/562 1022/2030/562 1020/2031/562 1018/2032/562 1016/2033/562 1014/2034/562 1012/2035/562 1010/2036/562 1008/2037/562 1006/2038/562 1004/2039/562 1002/2040/562 1000/2041/562 998/2042/562 996/2043/562 994/2044/562 992/2045/562 990/2046/562 988/2047/562 986/2048/562
f 1041/2016/563 1042/2015/563 1044/2049/563 1043/2050/563
f 1043/2050/564 1044/2049/564 982/2051/564 981/2052/564
f 981/2053/565 983/2054/565 985/2055/565 987/2056/565 989/2057/565 991/2058/565 993/2059/565 995/2060/565 997/2061/565 999/2062/565 1001/2063/565 1003/2064/565 1005/2065/565 1007/2066/565 1009/2067/565 1011/2068/565 1013/2069/565 1015/2070/565 1017/2071/565 1019/2072/565 1021/2073/565 1023/2074/565 1025/2075/565 1027/2076/565 1029/2077/565 1031/2078/565 1033/2079/565 1035/2080/565 1037/2081/565 1039/2082/565 1041/2083/565 1043/2084/565
o boss_cloud_bank_1
v -24.000000 20.000000 1.450000
v -24.000000 28.000000 1.450000
v -21.268736 20.000000 1.456725
v -21.268736 28.000000 1.456725
v -18.642431 20.000000 1.476642
v -18.642431 28.000000 1.476642
v -16.222015 20.000000 1.508986
v -16.222015 28.000000 1.508986
v -14.100505 20.000000 1.552513
v -14.100505 28.000000 1.552513
v -12.359426 20.000000 1.605550
v -12.359426 28.000000 1.605550
v -11.065687 20.000000 1.666061
v -11.065687 28.000000 1.666061
v -10.269007 20.000000 1.731718
v -10.269007 28.000000 1.731718
v -10.000000 20.000000 1.800000
v -10.000000 28.000000 1.800000
v -10.269007 20.000000 1.868282
v -10.269007 28.000000 1.868282
v -11.065687 20.000000 1.933939
v -11.065687 28.000000 1.933939
v -12.359426 20.000000 1.994449
v -12.359426 28.000000 1.994449
v -14.100505 20.000000 2.047487
v -14.100505 28.000000 2.047487
v -16.222015 20.000000 2.091014
v -16.222015 28.000000 2.091014
v -18.642431 20.000000 2.123358
v -18.642431 28.000000 2.123358
v -21.268736 20.000000 2.143275
v -21.268736 28.000000 2.143275
v -24.000000 20.000000 2.150000
v -24.000000 28.000000 2.150000
v -26.731264 20.000000 2.143275
v -26.731264 28.000000 2.143275
v -29.357569 20.000000 2.123358
v -29.357569 28.000000 2.123358
v -31.777985 20.000000 2.091014
v -31.777985 28.000000 2.091014
v -33.899494 20.000000 2.047487
v -33.899494 28.000000 2.047487
v -35.640575 20.000000 1.994449
v -35.640575 28.000000 1.994449
v -36.934311 20.000000 1.933939
v -36.934311 28.000000 1.933939
v -37.730995 20.000000 1.868282
v -37.730995 28.000000 1.868282
v -38.000000 20.000000 1.800000
v -38.000000 28.000000 1.800000
v -37.730995 20.000000 1.731718
v -37.730995 28.000000 1.731718
v -36.934311 20.000000 1.666061
v -36.934311 28.000000 1.666061
v -35.640575 20.000000 1.605550
v -35.640575 28.000000 1.605550
v -33.899494 20.000000 1.552513
v -33.899494 28.000000 1.552513
v -31.777985 20.000000 1.508986
v -31.777985 28.000000 1.508986
v -29.357569 20.000000 1.476642
v -29.357569 28.000000 1.476642
v -26.731264 20.000000 1.456725
v -26.731264 28.000000 1.456725
vn 0.0025 -0.0000 -1.0000
vn 0.0076 -0.0000 -1.0000
vn 0.0134 -0.0000 -0.9999
vn 0.0205 -0.0000 -0.9998
vn 0.0304 -0.0000 -0.9995
vn 0.0467 -0.0000 -0.9989
vn 0.0821 -0.0000 -0.9966
vn 0.2460 -0.0000 -0.9693
vn 0.2460 -0.0000 0.9693
vn 0.0821 -0.0000 0.9966
vn 0.0467 -0.0000 0.9989
vn 0.0304 -0.0000 0.9995
vn 0.0205 -0.0000 0.9998
vn 0.0134 -0.0000 0.9999
vn 0.0076 -0.0000 1.0000
vn 0.0025 -0.0000 1.0000
vn -0.0025 -0.0000 1.0000
vn -0.0076 -0.0000 1.0000
vn -0.0134 -0.0000 0.9999
vn -0.0205 -0.0000 0.9998
vn -0.0304 -0.0000 0.9995
vn -0.0467 -0.0000 0.9989
vn -0.0821 -0.0000 0.9966
vn -0.2460 -0.0000 0.9693
vn -0.2460 -0.0000 -0.9693
vn -0.0821 -0.0000 -0.9966
vn -0.0467 -0.0000 -0.9989
vn -0.0304 -0.0000 -0.9995
vn -0.0205 -0.0000 -0.9998
vn -0.0134 -0.0000 -0.9999
vn -0.0000 1.0000 -0.0000
vn -0.0076 -0.0000 -1.0000
vn -0.0025 -0.0000 -1.0000
vn -0.0000 -1.0000 -0.0000
vt 1.000000 0.500000
vt 1.000000 1.000000
vt 0.968750 1.000000
vt 0.968750 0.500000
vt 0.937500 1.000000
vt 0.937500 0.500000
vt 0.906250 1.000000
vt 0.906250 0.500000
vt 0.875000 1.000000
vt 0.875000 0.500000
vt 0.843750 1.000000
vt 0.843750 0.500000
vt 0.812500 1.000000
vt 0.812500 0.500000
vt 0.781250 1.000000
vt 0.781250 0.500000
vt 0.750000 1.000000
vt 0.750000 0.500000
vt 0.718750 1.000000
vt 0.718750 0.500000
vt 0.687500 1.000000
vt 0.687500 0.500000
vt 0.656250 1.000000
vt 0.656250 0.500000
vt 0.625000 1.000000
vt 0.625000 0.500000
vt 0.593750 1.000000
vt 0.593750 0.500000
vt 0.562500 1.000000
vt 0.562500 0.500000
vt 0.531250 1.000000
vt 0.531250 0.500000
vt 0.500000 1.000000
vt 0.500000 0.500000
vt 0.468750 1.000000
vt 0.468750 0.500000
vt 0.437500 1.000000
vt 0.437500 0.500000
vt 0.406250 1.000000
vt 0.406250 0.500000
vt 0.375000 1.000000
vt 0.375000 0.500000
vt 0.343750 1.000000
vt 0.343750 0.500000
vt 0.312500 1.000000
vt 0.312500 0.500000
vt 0.281250 1.000000
vt 0.281250 0.500000
vt 0.250000 1.000000
vt 0.250000 0.500000
vt 0.218750 1.000000
vt 0.218750 0.500000
vt 0.187500 1.000000
vt 0.187500 0.500000
vt 0.156250 1.000000
vt 0.156250 0.500000
vt 0.125000 1.000000
vt 0.125000 0.500000
vt 0.093750 1.000000
vt 0.093750 0.500000
vt 0.062500 1.000000
vt 0.062500 0.500000
vt 0.296822 0.485388
vt 0.250000 0.490000
vt 0.203178 0.485388
vt 0.158156 0.471731
vt 0.116663 0.449553
vt 0.080294 0.419706
vt 0.050447 0.383337
vt 0.028269 0.341844
vt 0.014612 0.296822
vt 0.010000 0.250000
vt 0.014612 0.203178
vt 0.028269 0.158156
vt 0.050447 0.116663
vt 0.080294 0.080294
vt 0.116663 0.050447
vt 0.158156 0.028269
vt 0.203178 0.014612
vt 0.250000 0.010000
vt 0.296822 0.014612
vt 0.341844 0.028269
vt 0.383337 0.050447
vt 0.419706 0.080294
vt 0.449553 0.116663
vt 0.471731 0.158156
vt 0.485388 0.203178
vt 0.490000 0.250000
vt 0.485388 0.296822
vt 0.471731 0.341844
vt 0.449553 0.383337
vt 0.419706 0.419706
vt 0.383337 0.449553
vt 0.341844 0.471731
vt 0.031250 1.000000
vt 0.031250 0.500000
vt 0.000000 1.000000
vt 0.000000 0.500000
vt 0.750000 0.490000
vt 0.796822 0.485388
vt 0.841844 0.471731
vt 0.883337 0.449553
vt 0.919706 0.419706
vt 0.949553 0.383337
vt 0.971731 0.341844
vt 0.985388 0.296822
vt 0.990000 0.250000
vt 0.985388 0.203178
vt 0.971731 0.158156
vt 0.949553 0.116663
vt 0.919706 0.080294
vt 0.883337 0.050447
vt 0.841844 0.028269
vt 0.796822 0.014612
vt 0.750000 0.010000
vt 0.703178 0.014612
vt 0.658156 0.028269
vt 0.616663 0.050447
vt 0.580294 0.080294
vt 0.550447 0.116663
vt 0.528269 0.158156
vt 0.514612 0.203178
vt 0.510000 0.250000
vt 0.514612 0.296822
vt 0.528269 0.341844
vt 0.550447 0.383337
vt 0.580294 0.419706
vt 0.616663 0.449553
vt 0.658156 0.471731
vt 0.703178 0.485388
s 0
usemtl boss_cloud_floor
f 1045/2085/566 1046/2086/566 1048/2087/566 1047/2088/566
f 1047/2088/567 1048/2087/567 1050/2089/567 1049/2090/567
f 1049/2090/568 1050/2089/568 1052/2091/568 1051/2092/568
f 1051/2092/569 1052/2091/569 1054/2093/569 1053/2094/569
f 1053/2094/570 1054/2093/570 1056/2095/570 1055/2096/570
f 1055/2096/571 1056/2095/571 1058/2097/571 1057/2098/571
f 1057/2098/572 1058/2097/572 1060/2099/572 1059/2100/572
f 1059/2100/573 1060/2099/573 1062/2101/573 1061/2102/573
f 1061/2102/574 1062/2101/574 1064/2103/574 1063/2104/574
f 1063/2104/575 1064/2103/575 1066/2105/575 1065/2106/575
f 1065/2106/576 1066/2105/576 1068/2107/576 1067/2108/576
f 1067/2108/577 1068/2107/577 1070/2109/577 1069/2110/577
f 1069/2110/578 1070/2109/578 1072/2111/578 1071/2112/578
f 1071/2112/579 1072/2111/579 1074/2113/579 1073/2114/579
f 1073/2114/580 1074/2113/580 1076/2115/580 1075/2116/580
f 1075/2116/581 1076/2115/581 1078/2117/581 1077/2118/581
f 1077/2118/582 1078/2117/582 1080/2119/582 1079/2120/582
f 1079/2120/583 1080/2119/583 1082/2121/583 1081/2122/583
f 1081/2122/584 1082/2121/584 1084/2123/584 1083/2124/584
f 1083/2124/585 1084/2123/585 1086/2125/585 1085/2126/585
f 1085/2126/586 1086/2125/586 1088/2127/586 1087/2128/586
f 1087/2128/587 1088/2127/587 1090/2129/587 1089/2130/587
f 1089/2130/588 1090/2129/588 1092/2131/588 1091/2132/588
f 1091/2132/589 1092/2131/589 1094/2133/589 1093/2134/589
f 1093/2134/590 1094/2133/590 1096/2135/590 1095/2136/590
f 1095/2136/591 1096/2135/591 1098/2137/591 1097/2138/591
f 1097/2138/592 1098/2137/592 1100/2139/592 1099/2140/592
f 1099/2140/593 1100/2139/593 1102/2141/593 1101/2142/593
f 1101/2142/594 1102/2141/594 1104/2143/594 1103/2144/594
f 1103/2144/595 1104/2143/595 1106/2145/595 1105/2146/595
f 1048/2147/596 1046/2148/596 1108/2149/596 1106/2150/596 1104/2151/596 1102/2152/596 1100/2153/596 1098/2154/596 1096/2155/596 1094/2156/596 1092/2157/596 1090/2158/596 1088/2159/596 1086/2160/596 1084/2161/596 1082/2162/596 1080/2163/596 1078/2164/596 1076/2165/596 1074/2166/596 1072/2167/596 1070/2168/596 1068/2169/596 1066/2170/596 1064/2171/596 1062/2172/596 1060/2173/596 1058/2174/596 1056/2175/596 1054/2176/596 1052/2177/596 1050/2178/596
f 1105/2146/597 1106/2145/597 1108/2179/597 1107/2180/597
f 1107/2180/598 1108/2179/598 1046/2181/598 1045/2182/598
f 1045/2183/599 1047/2184/599 1049/2185/599 1051/2186/599 1053/2187/599 1055/2188/599 1057/2189/599 1059/2190/599 1061/2191/599 1063/2192/599 1065/2193/599 1067/2194/599 1069/2195/599 1071/2196/599 1073/2197/599 1075/2198/599 1077/2199/599 1079/2200/599 1081/2201/599 1083/2202/599 1085/2203/599 1087/2204/599 1089/2205/599 1091/2206/599 1093/2207/599 1095/2208/599 1097/2209/599 1099/2210/599 1101/2211/599 1103/2212/599 1105/2213/599 1107/2214/599
o boss_cloud_bank_2
v 26.000000 -22.500000 1.450000
v 26.000000 -13.500000 1.450000
v 29.121445 -22.500000 1.456725
v 29.121445 -13.500000 1.456725
v 32.122936 -22.500000 1.476642
v 32.122936 -13.500000 1.476642
v 34.889122 -22.500000 1.508986
v 34.889122 -13.500000 1.508986
v 37.313709 -22.500000 1.552513
v 37.313709 -13.500000 1.552513
v 39.303513 -22.500000 1.605550
v 39.303513 -13.500000 1.605550
v 40.782074 -22.500000 1.666061
v 40.782074 -13.500000 1.666061
v 41.692566 -22.500000 1.731718
v 41.692566 -13.500000 1.731718
v 42.000000 -22.500000 1.800000
v 42.000000 -13.500000 1.800000
v 41.692566 -22.500000 1.868282
v 41.692566 -13.500000 1.868282
v 40.782074 -22.500000 1.933939
v 40.782074 -13.500000 1.933939
v 39.303513 -22.500000 1.994449
v 39.303513 -13.500000 1.994449
v 37.313709 -22.500000 2.047487
v 37.313709 -13.500000 2.047487
v 34.889122 -22.500000 2.091014
v 34.889122 -13.500000 2.091014
v 32.122936 -22.500000 2.123358
v 32.122936 -13.500000 2.123358
v 29.121445 -22.500000 2.143275
v 29.121445 -13.500000 2.143275
v 26.000000 -22.500000 2.150000
v 26.000000 -13.500000 2.150000
v 22.878555 -22.500000 2.143275
v 22.878555 -13.500000 2.143275
v 19.877064 -22.500000 2.123358
v 19.877064 -13.500000 2.123358
v 17.110876 -22.500000 2.091014
v 17.110876 -13.500000 2.091014
v 14.686292 -22.500000 2.047487
v 14.686292 -13.500000 2.047487
v 12.696486 -22.500000 1.994449
v 12.696486 -13.500000 1.994449
v 11.217928 -22.500000 1.933939
v 11.217928 -13.500000 1.933939
v 10.307436 -22.500000 1.868282
v 10.307436 -13.500000 1.868282
v 10.000000 -22.500000 1.800000
v 10.000000 -13.500000 1.800000
v 10.307436 -22.500000 1.731718
v 10.307436 -13.500000 1.731718
v 11.217928 -22.500000 1.666061
v 11.217928 -13.500000 1.666061
v 12.696486 -22.500000 1.605550
v 12.696486 -13.500000 1.605550
v 14.686292 -22.500000 1.552513
v 14.686292 -13.500000 1.552513
v 17.110876 -22.500000 1.508986
v 17.110876 -13.500000 1.508986
v 19.877064 -22.500000 1.476642
v 19.877064 -13.500000 1.476642
v 22.878555 -22.500000 1.456725
v 22.878555 -13.500000 1.456725
vn 0.0022 -0.0000 -1.0000
vn 0.0066 -0.0000 -1.0000
vn 0.0117 -0.0000 -0.9999
vn 0.0179 -0.0000 -0.9998
vn 0.0266 -0.0000 -0.9996
vn 0.0409 -0.0000 -0.9992
vn 0.0719 -0.0000 -0.9974
vn 0.2168 -0.0000 -0.9762
vn 0.2168 -0.0000 0.9762
vn 0.0719 -0.0000 0.9974
vn 0.0409 -0.0000 0.9992
vn 0.0266 -0.0000 0.9996
vn 0.0179 -0.0000 0.9998
vn 0.0117 -0.0000 0.9999
vn 0.0066 -0.0000 1.0000
vn 0.0022 -0.0000 1.0000
vn -0.0022 -0.0000 1.0000
vn -0.0066 -0.0000 1.0000
vn -0.0117 -0.0000 0.9999
vn -0.0179 -0.0000 0.9998
vn -0.0266 -0.0000 0.9996
vn -0.0409 -0.0000 0.9992
vn -0.0719 -0.0000 0.9974
vn -0.2168 -0.0000 0.9762
vn -0.2168 -0.0000 -0.9762
vn -0.0719 -0.0000 -0.9974
vn -0.0409 -0.0000 -0.9992
vn -0.0266 -0.0000 -0.9996
vn -0.0179 -0.0000 -0.9998
vn -0.0117 -0.0000 -0.9999
vn -0.0000 1.0000 -0.0000
vn -0.0066 -0.0000 -1.0000
vn -0.0022 -0.0000 -1.0000
vn -0.0000 -1.0000 -0.0000
vt 1.000000 0.500000
vt 1.000000 1.000000
vt 0.968750 1.000000
vt 0.968750 0.500000
vt 0.937500 1.000000
vt 0.937500 0.500000
vt 0.906250 1.000000
vt 0.906250 0.500000
vt 0.875000 1.000000
vt 0.875000 0.500000
vt 0.843750 1.000000
vt 0.843750 0.500000
vt 0.812500 1.000000
vt 0.812500 0.500000
vt 0.781250 1.000000
vt 0.781250 0.500000
vt 0.750000 1.000000
vt 0.750000 0.500000
vt 0.718750 1.000000
vt 0.718750 0.500000
vt 0.687500 1.000000
vt 0.687500 0.500000
vt 0.656250 1.000000
vt 0.656250 0.500000
vt 0.625000 1.000000
vt 0.625000 0.500000
vt 0.593750 1.000000
vt 0.593750 0.500000
vt 0.562500 1.000000
vt 0.562500 0.500000
vt 0.531250 1.000000
vt 0.531250 0.500000
vt 0.500000 1.000000
vt 0.500000 0.500000
vt 0.468750 1.000000
vt 0.468750 0.500000
vt 0.437500 1.000000
vt 0.437500 0.500000
vt 0.406250 1.000000
vt 0.406250 0.500000
vt 0.375000 1.000000
vt 0.375000 0.500000
vt 0.343750 1.000000
vt 0.343750 0.500000
vt 0.312500 1.000000
vt 0.312500 0.500000
vt 0.281250 1.000000
vt 0.281250 0.500000
vt 0.250000 1.000000
vt 0.250000 0.500000
vt 0.218750 1.000000
vt 0.218750 0.500000
vt 0.187500 1.000000
vt 0.187500 0.500000
vt 0.156250 1.000000
vt 0.156250 0.500000
vt 0.125000 1.000000
vt 0.125000 0.500000
vt 0.093750 1.000000
vt 0.093750 0.500000
vt 0.062500 1.000000
vt 0.062500 0.500000
vt 0.296822 0.485388
vt 0.250000 0.490000
vt 0.203178 0.485388
vt 0.158156 0.471731
vt 0.116663 0.449553
vt 0.080294 0.419706
vt 0.050447 0.383337
vt 0.028269 0.341844
vt 0.014612 0.296822
vt 0.010000 0.250000
vt 0.014612 0.203178
vt 0.028269 0.158156
vt 0.050447 0.116663
vt 0.080294 0.080294
vt 0.116663 0.050447
vt 0.158156 0.028269
vt 0.203178 0.014612
vt 0.250000 0.010000
vt 0.296822 0.014612
vt 0.341844 0.028269
vt 0.383337 0.050447
vt 0.419706 0.080294
vt 0.449553 0.116663
vt 0.471731 0.158156
vt 0.485388 0.203178
vt 0.490000 0.250000
vt 0.485388 0.296822
vt 0.471731 0.341844
vt 0.449553 0.383337
vt 0.419706 0.419706
vt 0.383337 0.449553
vt 0.341844 0.471731
vt 0.031250 1.000000
vt 0.031250 0.500000
vt 0.000000 1.000000
vt 0.000000 0.500000
vt 0.750000 0.490000
vt 0.796822 0.485388
vt 0.841844 0.471731
vt 0.883337 0.449553
vt 0.919706 0.419706
vt 0.949553 0.383337
vt 0.971731 0.341844
vt 0.985388 0.296822
vt 0.990000 0.250000
vt 0.985388 0.203178
vt 0.971731 0.158156
vt 0.949553 0.116663
vt 0.919706 0.080294
vt 0.883337 0.050447
vt 0.841844 0.028269
vt 0.796822 0.014612
vt 0.750000 0.010000
vt 0.703178 0.014612
vt 0.658156 0.028269
vt 0.616663 0.050447
vt 0.580294 0.080294
vt 0.550447 0.116663
vt 0.528269 0.158156
vt 0.514612 0.203178
vt 0.510000 0.250000
vt 0.514612 0.296822
vt 0.528269 0.341844
vt 0.550447 0.383337
vt 0.580294 0.419706
vt 0.616663 0.449553
vt 0.658156 0.471731
vt 0.703178 0.485388
s 0
usemtl boss_cloud_floor
f 1109/2215/600 1110/2216/600 1112/2217/600 1111/2218/600
f 1111/2218/601 1112/2217/601 1114/2219/601 1113/2220/601
f 1113/2220/602 1114/2219/602 1116/2221/602 1115/2222/602
f 1115/2222/603 1116/2221/603 1118/2223/603 1117/2224/603
f 1117/2224/604 1118/2223/604 1120/2225/604 1119/2226/604
f 1119/2226/605 1120/2225/605 1122/2227/605 1121/2228/605
f 1121/2228/606 1122/2227/606 1124/2229/606 1123/2230/606
f 1123/2230/607 1124/2229/607 1126/2231/607 1125/2232/607
f 1125/2232/608 1126/2231/608 1128/2233/608 1127/2234/608
f 1127/2234/609 1128/2233/609 1130/2235/609 1129/2236/609
f 1129/2236/610 1130/2235/610 1132/2237/610 1131/2238/610
f 1131/2238/611 1132/2237/611 1134/2239/611 1133/2240/611
f 1133/2240/612 1134/2239/612 1136/2241/612 1135/2242/612
f 1135/2242/613 1136/2241/613 1138/2243/613 1137/2244/613
f 1137/2244/614 1138/2243/614 1140/2245/614 1139/2246/614
f 1139/2246/615 1140/2245/615 1142/2247/615 1141/2248/615
f 1141/2248/616 1142/2247/616 1144/2249/616 1143/2250/616
f 1143/2250/617 1144/2249/617 1146/2251/617 1145/2252/617
f 1145/2252/618 1146/2251/618 1148/2253/618 1147/2254/618
f 1147/2254/619 1148/2253/619 1150/2255/619 1149/2256/619
f 1149/2256/620 1150/2255/620 1152/2257/620 1151/2258/620
f 1151/2258/621 1152/2257/621 1154/2259/621 1153/2260/621
f 1153/2260/622 1154/2259/622 1156/2261/622 1155/2262/622
f 1155/2262/623 1156/2261/623 1158/2263/623 1157/2264/623
f 1157/2264/624 1158/2263/624 1160/2265/624 1159/2266/624
f 1159/2266/625 1160/2265/625 1162/2267/625 1161/2268/625
f 1161/2268/626 1162/2267/626 1164/2269/626 1163/2270/626
f 1163/2270/627 1164/2269/627 1166/2271/627 1165/2272/627
f 1165/2272/628 1166/2271/628 1168/2273/628 1167/2274/628
f 1167/2274/629 1168/2273/629 1170/2275/629 1169/2276/629
f 1112/2277/630 1110/2278/630 1172/2279/630 1170/2280/630 1168/2281/630 1166/2282/630 1164/2283/630 1162/2284/630 1160/2285/630 1158/2286/630 1156/2287/630 1154/2288/630 1152/2289/630 1150/2290/630 1148/2291/630 1146/2292/630 1144/2293/630 1142/2294/630 1140/2295/630 1138/2296/630 1136/2297/630 1134/2298/630 1132/2299/630 1130/2300/630 1128/2301/630 1126/2302/630 1124/2303/630 1122/2304/630 1120/2305/630 1118/2306/630 1116/2307/630 1114/2308/630
f 1169/2276/631 1170/2275/631 1172/2309/631 1171/2310/631
f 1171/2310/632 1172/2309/632 1110/2311/632 1109/2312/632
f 1109/2313/633 1111/2314/633 1113/2315/633 1115/2316/633 1117/2317/633 1119/2318/633 1121/2319/633 1123/2320/633 1125/2321/633 1127/2322/633 1129/2323/633 1131/2324/633 1133/2325/633 1135/2326/633 1137/2327/633 1139/2328/633 1141/2329/633 1143/2330/633 1145/2331/633 1147/2332/633 1149/2333/633 1151/2334/633 1153/2335/633 1155/2336/633 1157/2337/633 1159/2338/633 1161/2339/633 1163/2340/633 1165/2341/633 1167/2342/633 1169/2343/633 1171/2344/633
o boss_cloud_bank_3
v 34.000000 14.000000 1.450000
v 34.000000 26.000000 1.450000
v 37.901806 14.000000 1.456725
v 37.901806 26.000000 1.456725
v 41.653671 14.000000 1.476642
v 41.653671 26.000000 1.476642
v 45.111404 14.000000 1.508986
v 45.111404 26.000000 1.508986
v 48.142136 14.000000 1.552513
v 48.142136 26.000000 1.552513
v 50.629395 14.000000 1.605550
v 50.629395 26.000000 1.605550
v 52.477592 14.000000 1.666061
v 52.477592 26.000000 1.666061
v 53.615707 14.000000 1.731718
v 53.615707 26.000000 1.731718
v 54.000000 14.000000 1.800000
v 54.000000 26.000000 1.800000
v 53.615707 14.000000 1.868282
v 53.615707 26.000000 1.868282
v 52.477592 14.000000 1.933939
v 52.477592 26.000000 1.933939
v 50.629395 14.000000 1.994449
v 50.629395 26.000000 1.994449
v 48.142136 14.000000 2.047487
v 48.142136 26.000000 2.047487
v 45.111404 14.000000 2.091014
v 45.111404 26.000000 2.091014
v 41.653671 14.000000 2.123358
v 41.653671 26.000000 2.123358
v 37.901806 14.000000 2.143275
v 37.901806 26.000000 2.143275
v 34.000000 14.000000 2.150000
v 34.000000 26.000000 2.150000
v 30.098194 14.000000 2.143275
v 30.098194 26.000000 2.143275
v 26.346331 14.000000 2.123358
v 26.346331 26.000000 2.123358
v 22.888596 14.000000 2.091014
v 22.888596 26.000000 2.091014
v 19.857864 14.000000 2.047487
v 19.857864 26.000000 2.047487
v 17.370607 14.000000 1.994449
v 17.370607 26.000000 1.994449
v 15.522409 14.000000 1.933939
v 15.522409 26.000000 1.933939
v 14.384295 14.000000 1.868282
v 14.384295 26.000000 1.868282
v 14.000000 14.000000 1.800000
v 14.000000 26.000000 1.800000
v 14.384295 14.000000 1.731718
v 14.384295 26.000000 1.731718
v 15.522409 14.000000 1.666061
v 15.522409 26.000000 1.666061
v 17.370607 14.000000 1.605550
v 17.370607 26.000000 1.605550
v 19.857864 14.000000 1.552513
v 19.857864 26.000000 1.552513
v 22.888596 14.000000 1.508986
v 22.888596 26.000000 1.508986
v 26.346331 14.000000 1.476642
v 26.346331 26.000000 1.476642
v 30.098194 14.000000 1.456725
v 30.098194 26.000000 1.456725
vn 0.0017 -0.0000 -1.0000
vn 0.0053 -0.0000 -1.0000
vn 0.0094 -0.0000 -1.0000
vn 0.0144 -0.0000 -0.9999
vn 0.0213 -0.0000 -0.9998
vn 0.0327 -0.0000 -0.9995
vn 0.0576 -0.0000 -0.9983
vn 0.1749 -0.0000 -0.9846
vn 0.1749 -0.0000 0.9846
vn 0.0576 -0.0000 0.9983
vn 0.0327 -0.0000 0.9995
vn 0.0213 -0.0000 0.9998
vn 0.0144 -0.0000 0.9999
vn 0.0094 -0.0000 1.0000
vn 0.0053 -0.0000 1.0000
vn 0.0017 -0.0000 1.0000
vn -0.0017 -0.0000 1.0000
vn -0.0053 -0.0000 1.0000
vn -0.0094 -0.0000 1.0000
vn -0.0144 -0.0000 0.9999
vn -0.0213 -0.0000 0.9998
vn -0.0327 -0.0000 0.9995
vn -0.0576 -0.0000 0.9983
vn -0.1749 -0.0000 0.9846
vn -0.1749 -0.0000 -0.9846
vn -0.0576 -0.0000 -0.9983
vn -0.0327 -0.0000 -0.9995
vn -0.0213 -0.0000 -0.9998
vn -0.0144 -0.0000 -0.9999
vn -0.0094 -0.0000 -1.0000
vn -0.0000 1.0000 -0.0000
vn -0.0053 -0.0000 -1.0000
vn -0.0017 -0.0000 -1.0000
vn -0.0000 -1.0000 -0.0000
vt 1.000000 0.500000
vt 1.000000 1.000000
vt 0.968750 1.000000
vt 0.968750 0.500000
vt 0.937500 1.000000
vt 0.937500 0.500000
vt 0.906250 1.000000
vt 0.906250 0.500000
vt 0.875000 1.000000
vt 0.875000 0.500000
vt 0.843750 1.000000
vt 0.843750 0.500000
vt 0.812500 1.000000
vt 0.812500 0.500000
vt 0.781250 1.000000
vt 0.781250 0.500000
vt 0.750000 1.000000
vt 0.750000 0.500000
vt 0.718750 1.000000
vt 0.718750 0.500000
vt 0.687500 1.000000
vt 0.687500 0.500000
vt 0.656250 1.000000
vt 0.656250 0.500000
vt 0.625000 1.000000
vt 0.625000 0.500000
vt 0.593750 1.000000
vt 0.593750 0.500000
vt 0.562500 1.000000
vt 0.562500 0.500000
vt 0.531250 1.000000
vt 0.531250 0.500000
vt 0.500000 1.000000
vt 0.500000 0.500000
vt 0.468750 1.000000
vt 0.468750 0.500000
vt 0.437500 1.000000
vt 0.437500 0.500000
vt 0.406250 1.000000
vt 0.406250 0.500000
vt 0.375000 1.000000
vt 0.375000 0.500000
vt 0.343750 1.000000
vt 0.343750 0.500000
vt 0.312500 1.000000
vt 0.312500 0.500000
vt 0.281250 1.000000
vt 0.281250 0.500000
vt 0.250000 1.000000
vt 0.250000 0.500000
vt 0.218750 1.000000
vt 0.218750 0.500000
vt 0.187500 1.000000
vt 0.187500 0.500000
vt 0.156250 1.000000
vt 0.156250 0.500000
vt 0.125000 1.000000
vt 0.125000 0.500000
vt 0.093750 1.000000
vt 0.093750 0.500000
vt 0.062500 1.000000
vt 0.062500 0.500000
vt 0.296822 0.485388
vt 0.250000 0.490000
vt 0.203178 0.485388
vt 0.158156 0.471731
vt 0.116663 0.449553
vt 0.080294 0.419706
vt 0.050447 0.383337
vt 0.028269 0.341844
vt 0.014612 0.296822
vt 0.010000 0.250000
vt 0.014612 0.203178
vt 0.028269 0.158156
vt 0.050447 0.116663
vt 0.080294 0.080294
vt 0.116663 0.050447
vt 0.158156 0.028269
vt 0.203178 0.014612
vt 0.250000 0.010000
vt 0.296822 0.014612
vt 0.341844 0.028269
vt 0.383337 0.050447
vt 0.419706 0.080294
vt 0.449553 0.116663
vt 0.471731 0.158156
vt 0.485388 0.203178
vt 0.490000 0.250000
vt 0.485388 0.296822
vt 0.471731 0.341844
vt 0.449553 0.383337
vt 0.419706 0.419706
vt 0.383337 0.449553
vt 0.341844 0.471731
vt 0.031250 1.000000
vt 0.031250 0.500000
vt 0.000000 1.000000
vt 0.000000 0.500000
vt 0.750000 0.490000
vt 0.796822 0.485388
vt 0.841844 0.471731
vt 0.883337 0.449553
vt 0.919706 0.419706
vt 0.949553 0.383337
vt 0.971731 0.341844
vt 0.985388 0.296822
vt 0.990000 0.250000
vt 0.985388 0.203178
vt 0.971731 0.158156
vt 0.949553 0.116663
vt 0.919706 0.080294
vt 0.883337 0.050447
vt 0.841844 0.028269
vt 0.796822 0.014612
vt 0.750000 0.010000
vt 0.703178 0.014612
vt 0.658156 0.028269
vt 0.616663 0.050447
vt 0.580294 0.080294
vt 0.550447 0.116663
vt 0.528269 0.158156
vt 0.514612 0.203178
vt 0.510000 0.250000
vt 0.514612 0.296822
vt 0.528269 0.341844
vt 0.550447 0.383337
vt 0.580294 0.419706
vt 0.616663 0.449553
vt 0.658156 0.471731
vt 0.703178 0.485388
s 0
usemtl boss_cloud_floor
f 1173/2345/634 1174/2346/634 1176/2347/634 1175/2348/634
f 1175/2348/635 1176/2347/635 1178/2349/635 1177/2350/635
f 1177/2350/636 1178/2349/636 1180/2351/636 1179/2352/636
f 1179/2352/637 1180/2351/637 1182/2353/637 1181/2354/637
f 1181/2354/638 1182/2353/638 1184/2355/638 1183/2356/638
f 1183/2356/639 1184/2355/639 1186/2357/639 1185/2358/639
f 1185/2358/640 1186/2357/640 1188/2359/640 1187/2360/640
f 1187/2360/641 1188/2359/641 1190/2361/641 1189/2362/641
f 1189/2362/642 1190/2361/642 1192/2363/642 1191/2364/642
f 1191/2364/643 1192/2363/643 1194/2365/643 1193/2366/643
f 1193/2366/644 1194/2365/644 1196/2367/644 1195/2368/644
f 1195/2368/645 1196/2367/645 1198/2369/645 1197/2370/645
f 1197/2370/646 1198/2369/646 1200/2371/646 1199/2372/646
f 1199/2372/647 1200/2371/647 1202/2373/647 1201/2374/647
f 1201/2374/648 1202/2373/648 1204/2375/648 1203/2376/648
f 1203/2376/649 1204/2375/649 1206/2377/649 1205/2378/649
f 1205/2378/650 1206/2377/650 1208/2379/650 1207/2380/650
f 1207/2380/651 1208/2379/651 1210/2381/651 1209/2382/651
f 1209/2382/652 1210/2381/652 1212/2383/652 1211/2384/652
f 1211/2384/653 1212/2383/653 1214/2385/653 1213/2386/653
f 1213/2386/654 1214/2385/654 1216/2387/654 1215/2388/654
f 1215/2388/655 1216/2387/655 1218/2389/655 1217/2390/655
f 1217/2390/656 1218/2389/656 1220/2391/656 1219/2392/656
f 1219/2392/657 1220/2391/657 1222/2393/657 1221/2394/657
f 1221/2394/658 1222/2393/658 1224/2395/658 1223/2396/658
f 1223/2396/659 1224/2395/659 1226/2397/659 1225/2398/659
f 1225/2398/660 1226/2397/660 1228/2399/660 1227/2400/660
f 1227/2400/661 1228/2399/661 1230/2401/661 1229/2402/661
f 1229/2402/662 1230/2401/662 1232/2403/662 1231/2404/662
f 1231/2404/663 1232/2403/663 1234/2405/663 1233/2406/663
f 1176/2407/664 1174/2408/664 1236/2409/664 1234/2410/664 1232/2411/664 1230/2412/664 1228/2413/664 1226/2414/664 1224/2415/664 1222/2416/664 1220/2417/664 1218/2418/664 1216/2419/664 1214/2420/664 1212/2421/664 1210/2422/664 1208/2423/664 1206/2424/664 1204/2425/664 1202/2426/664 1200/2427/664 1198/2428/664 1196/2429/664 1194/2430/664 1192/2431/664 1190/2432/664 1188/2433/664 1186/2434/664 1184/2435/664 1182/2436/664 1180/2437/664 1178/2438/664
f 1233/2406/665 1234/2405/665 1236/2439/665 1235/2440/665
f 1235/2440/666 1236/2439/666 1174/2441/666 1173/2442/666
f 1173/2443/667 1175/2444/667 1177/2445/667 1179/2446/667 1181/2447/667 1183/2448/667 1185/2449/667 1187/2450/667 1189/2451/667 1191/2452/667 1193/2453/667 1195/2454/667 1197/2455/667 1199/2456/667 1201/2457/667 1203/2458/667 1205/2459/667 1207/2460/667 1209/2461/667 1211/2462/667 1213/2463/667 1215/2464/667 1217/2465/667 1219/2466/667 1221/2467/667 1223/2468/667 1225/2469/667 1227/2470/667 1229/2471/667 1231/2472/667 1233/2473/667 1235/2474/667
